provenance,protocol_id,device_id,run_id,instrument_id,calibration_record_id,measurement_plane,phase_reference_id,phase_convention,channel_id,emitter_x_m,emitter_y_m,emitter_z_m,frequency_hz,sound_speed_m_s,target_x_m,target_y_m,target_z_m,measured_drive_phase_rad
synthetic,phase-protocol-v1,SYNTHETIC-NOT-A-DEVICE,template-run-001,SYNTHETIC-INSTRUMENT,SYNTHETIC-CALIBRATION-NOT-A-RECORD,electrical_drive_output,synthetic-reference-001,cos_omega_t_plus_phi,0,-0.030000,-0.030000,0.000000,40000.0,343.0,0.007,-0.004,0.120,5.271724608962
synthetic,phase-protocol-v1,SYNTHETIC-NOT-A-DEVICE,template-run-001,SYNTHETIC-INSTRUMENT,SYNTHETIC-CALIBRATION-NOT-A-RECORD,electrical_drive_output,synthetic-reference-001,cos_omega_t_plus_phi,1,-0.026000,-0.030000,0.000000,40000.0,343.0,0.007,-0.004,0.120,4.468351341825
synthetic,phase-protocol-v1,SYNTHETIC-NOT-A-DEVICE,template-run-001,SYNTHETIC-INSTRUMENT,SYNTHETIC-CALIBRATION-NOT-A-RECORD,electrical_drive_output,synthetic-reference-001,cos_omega_t_plus_phi,2,-0.022000,-0.030000,0.000000,40000.0,343.0,0.007,-0.004,0.120,3.750961951600
synthetic,phase-protocol-v1,SYNTHETIC-NOT-A-DEVICE,template-run-001,SYNTHETIC-INSTRUMENT,SYNTHETIC-CALIBRATION-NOT-A-RECORD,electrical_drive_output,synthetic-reference-001,cos_omega_t_plus_phi,3,-0.018000,-0.030000,0.000000,40000.0,343.0,0.007,-0.004,0.120,3.121571965180
synthetic,phase-protocol-v1,SYNTHETIC-NOT-A-DEVICE,template-run-001,SYNTHETIC-INSTRUMENT,SYNTHETIC-CALIBRATION-NOT-A-RECORD,electrical_drive_output,synthetic-reference-001,cos_omega_t_plus_phi,4,-0.014000,-0.030000,0.000000,40000.0,343.0,0.007,-0.004,0.120,2.582001819025
synthetic,phase-protocol-v1,SYNTHETIC-NOT-A-DEVICE,template-run-001,SYNTHETIC-INSTRUMENT,SYNTHETIC-CALIBRATION-NOT-A-RECORD,electrical_drive_output,synthetic-reference-001,cos_omega_t_plus_phi,5,-0.010000,-0.030000,0.000000,40000.0,343.0,0.007,-0.004,0.120,2.133852299037
synthetic,phase-protocol-v1,SYNTHETIC-NOT-A-DEVICE,template-run-001,SYNTHETIC-INSTRUMENT,SYNTHETIC-CALIBRATION-NOT-A-RECORD,electrical_drive_output,synthetic-reference-001,cos_omega_t_plus_phi,6,-0.006000,-0.030000,0.000000,40000.0,343.0,0.007,-0.004,0.120,1.778481975744
synthetic,phase-protocol-v1,SYNTHETIC-NOT-A-DEVICE,template-run-001,SYNTHETIC-INSTRUMENT,SYNTHETIC-CALIBRATION-NOT-A-RECORD,electrical_drive_output,synthetic-reference-001,cos_omega_t_plus_phi,7,-0.002000,-0.030000,0.000000,40000.0,343.0,0.007,-0.004,0.120,1.516987335658
synthetic,phase-protocol-v1,SYNTHETIC-NOT-A-DEVICE,template-run-001,SYNTHETIC-INSTRUMENT,SYNTHETIC-CALIBRATION-NOT-A-RECORD,electrical_drive_output,synthetic-reference-001,cos_omega_t_plus_phi,8,0.002000,-0.030000,0.000000,40000.0,343.0,0.007,-0.004,0.120,1.350186260566
synthetic,phase-protocol-v1,SYNTHETIC-NOT-A-DEVICE,template-run-001,SYNTHETIC-INSTRUMENT,SYNTHETIC-CALIBRATION-NOT-A-RECORD,electrical_drive_output,synthetic-reference-001,cos_omega_t_plus_phi,9,0.006000,-0.030000,0.000000,40000.0,343.0,0.007,-0.004,0.120,1.278605420527
synthetic,phase-protocol-v1,SYNTHETIC-NOT-A-DEVICE,template-run-001,SYNTHETIC-INSTRUMENT,SYNTHETIC-CALIBRATION-NOT-A-RECORD,electrical_drive_output,synthetic-reference-001,cos_omega_t_plus_phi,10,0.010000,-0.030000,0.000000,40000.0,343.0,0.007,-0.004,0.120,1.302472026591
synthetic,phase-protocol-v1,SYNTHETIC-NOT-A-DEVICE,template-run-001,SYNTHETIC-INSTRUMENT,SYNTHETIC-CALIBRATION-NOT-A-RECORD,electrical_drive_output,synthetic-reference-001,cos_omega_t_plus_phi,11,0.014000,-0.030000,0.000000,40000.0,343.0,0.007,-0.004,0.120,1.421710241500
synthetic,phase-protocol-v1,SYNTHETIC-NOT-A-DEVICE,template-run-001,SYNTHETIC-INSTRUMENT,SYNTHETIC-CALIBRATION-NOT-A-RECORD,electrical_drive_output,synthetic-reference-001,cos_omega_t_plus_phi,12,0.018000,-0.030000,0.000000,40000.0,343.0,0.007,-0.004,0.120,1.635942379808
synthetic,phase-protocol-v1,SYNTHETIC-NOT-A-DEVICE,template-run-001,SYNTHETIC-INSTRUMENT,SYNTHETIC-CALIBRATION-NOT-A-RECORD,electrical_drive_output,synthetic-reference-001,cos_omega_t_plus_phi,13,0.022000,-0.030000,0.000000,40000.0,343.0,0.007,-0.004,0.120,1.944494853361
synthetic,phase-protocol-v1,SYNTHETIC-NOT-A-DEVICE,template-run-001,SYNTHETIC-INSTRUMENT,SYNTHETIC-CALIBRATION-NOT-A-RECORD,electrical_drive_output,synthetic-reference-001,cos_omega_t_plus_phi,14,0.026000,-0.030000,0.000000,40000.0,343.0,0.007,-0.004,0.120,2.346408645515
synthetic,phase-protocol-v1,SYNTHETIC-NOT-A-DEVICE,template-run-001,SYNTHETIC-INSTRUMENT,SYNTHETIC-CALIBRATION-NOT-A-RECORD,electrical_drive_output,synthetic-reference-001,cos_omega_t_plus_phi,15,0.030000,-0.030000,0.000000,40000.0,343.0,0.007,-0.004,0.120,2.840453938972
synthetic,phase-protocol-v1,SYNTHETIC-NOT-A-DEVICE,template-run-001,SYNTHETIC-INSTRUMENT,SYNTHETIC-CALIBRATION-NOT-A-RECORD,electrical_drive_output,synthetic-reference-001,cos_omega_t_plus_phi,16,-0.030000,-0.026000,0.000000,40000.0,343.0,0.007,-0.004,0.120,4.721584577982
synthetic,phase-protocol-v1,SYNTHETIC-NOT-A-DEVICE,template-run-001,SYNTHETIC-INSTRUMENT,SYNTHETIC-CALIBRATION-NOT-A-RECORD,electrical_drive_output,synthetic-reference-001,cos_omega_t_plus_phi,17,-0.026000,-0.026000,0.000000,40000.0,343.0,0.007,-0.004,0.120,3.913438871167
synthetic,phase-protocol-v1,SYNTHETIC-NOT-A-DEVICE,template-run-001,SYNTHETIC-INSTRUMENT,SYNTHETIC-CALIBRATION-NOT-A-RECORD,electrical_drive_output,synthetic-reference-001,cos_omega_t_plus_phi,18,-0.022000,-0.026000,0.000000,40000.0,343.0,0.007,-0.004,0.120,3.191717085111
synthetic,phase-protocol-v1,SYNTHETIC-NOT-A-DEVICE,template-run-001,SYNTHETIC-INSTRUMENT,SYNTHETIC-CALIBRATION-NOT-A-RECORD,electrical_drive_output,synthetic-reference-001,cos_omega_t_plus_phi,19,-0.018000,-0.026000,0.000000,40000.0,343.0,0.007,-0.004,0.120,2.558469873284
synthetic,phase-protocol-v1,SYNTHETIC-NOT-A-DEVICE,template-run-001,SYNTHETIC-INSTRUMENT,SYNTHETIC-CALIBRATION-NOT-A-RECORD,electrical_drive_output,synthetic-reference-001,cos_omega_t_plus_phi,20,-0.014000,-0.026000,0.000000,40000.0,343.0,0.007,-0.004,0.120,2.015550218864
synthetic,phase-protocol-v1,SYNTHETIC-NOT-A-DEVICE,template-run-001,SYNTHETIC-INSTRUMENT,SYNTHETIC-CALIBRATION-NOT-A-RECORD,electrical_drive_output,synthetic-reference-001,cos_omega_t_plus_phi,21,-0.010000,-0.026000,0.000000,40000.0,343.0,0.007,-0.004,0.120,1.564588166643
synthetic,phase-protocol-v1,SYNTHETIC-NOT-A-DEVICE,template-run-001,SYNTHETIC-INSTRUMENT,SYNTHETIC-CALIBRATION-NOT-A-RECORD,electrical_drive_output,synthetic-reference-001,cos_omega_t_plus_phi,22,-0.006000,-0.026000,0.000000,40000.0,343.0,0.007,-0.004,0.120,1.206967585565
synthetic,phase-protocol-v1,SYNTHETIC-NOT-A-DEVICE,template-run-001,SYNTHETIC-INSTRUMENT,SYNTHETIC-CALIBRATION-NOT-A-RECORD,electrical_drive_output,synthetic-reference-001,cos_omega_t_plus_phi,23,-0.002000,-0.026000,0.000000,40000.0,343.0,0.007,-0.004,0.120,0.943805691272
synthetic,phase-protocol-v1,SYNTHETIC-NOT-A-DEVICE,template-run-001,SYNTHETIC-INSTRUMENT,SYNTHETIC-CALIBRATION-NOT-A-RECORD,electrical_drive_output,synthetic-reference-001,cos_omega_t_plus_phi,24,0.002000,-0.026000,0.000000,40000.0,343.0,0.007,-0.004,0.120,0.775936007914
synthetic,phase-protocol-v1,SYNTHETIC-NOT-A-DEVICE,template-run-001,SYNTHETIC-INSTRUMENT,SYNTHETIC-CALIBRATION-NOT-A-RECORD,electrical_drive_output,synthetic-reference-001,cos_omega_t_plus_phi,25,0.006000,-0.026000,0.000000,40000.0,343.0,0.007,-0.004,0.120,0.703895359678
synthetic,phase-protocol-v1,SYNTHETIC-NOT-A-DEVICE,template-run-001,SYNTHETIC-INSTRUMENT,SYNTHETIC-CALIBRATION-NOT-A-RECORD,electrical_drive_output,synthetic-reference-001,cos_omega_t_plus_phi,26,0.010000,-0.026000,0.000000,40000.0,343.0,0.007,-0.004,0.120,0.727915357846
synthetic,phase-protocol-v1,SYNTHETIC-NOT-A-DEVICE,template-run-001,SYNTHETIC-INSTRUMENT,SYNTHETIC-CALIBRATION-NOT-A-RECORD,electrical_drive_output,synthetic-reference-001,cos_omega_t_plus_phi,27,0.014000,-0.026000,0.000000,40000.0,343.0,0.007,-0.004,0.120,0.847918695158
synthetic,phase-protocol-v1,SYNTHETIC-NOT-A-DEVICE,template-run-001,SYNTHETIC-INSTRUMENT,SYNTHETIC-CALIBRATION-NOT-A-RECORD,electrical_drive_output,synthetic-reference-001,cos_omega_t_plus_phi,28,0.018000,-0.026000,0.000000,40000.0,343.0,0.007,-0.004,0.120,1.063520384885
synthetic,phase-protocol-v1,SYNTHETIC-NOT-A-DEVICE,template-run-001,SYNTHETIC-INSTRUMENT,SYNTHETIC-CALIBRATION-NOT-A-RECORD,electrical_drive_output,synthetic-reference-001,cos_omega_t_plus_phi,29,0.022000,-0.026000,0.000000,40000.0,343.0,0.007,-0.004,0.120,1.374033898531
synthetic,phase-protocol-v1,SYNTHETIC-NOT-A-DEVICE,template-run-001,SYNTHETIC-INSTRUMENT,SYNTHETIC-CALIBRATION-NOT-A-RECORD,electrical_drive_output,synthetic-reference-001,cos_omega_t_plus_phi,30,0.026000,-0.026000,0.000000,40000.0,343.0,0.007,-0.004,0.120,1.778481975744
synthetic,phase-protocol-v1,SYNTHETIC-NOT-A-DEVICE,template-run-001,SYNTHETIC-INSTRUMENT,SYNTHETIC-CALIBRATION-NOT-A-RECORD,electrical_drive_output,synthetic-reference-001,cos_omega_t_plus_phi,31,0.030000,-0.026000,0.000000,40000.0,343.0,0.007,-0.004,0.120,2.275611714438
synthetic,phase-protocol-v1,SYNTHETIC-NOT-A-DEVICE,template-run-001,SYNTHETIC-INSTRUMENT,SYNTHETIC-CALIBRATION-NOT-A-RECORD,electrical_drive_output,synthetic-reference-001,cos_omega_t_plus_phi,32,-0.030000,-0.022000,0.000000,40000.0,343.0,0.007,-0.004,0.120,4.260647375509
synthetic,phase-protocol-v1,SYNTHETIC-NOT-A-DEVICE,template-run-001,SYNTHETIC-INSTRUMENT,SYNTHETIC-CALIBRATION-NOT-A-RECORD,electrical_drive_output,synthetic-reference-001,cos_omega_t_plus_phi,33,-0.026000,-0.022000,0.000000,40000.0,343.0,0.007,-0.004,0.120,3.448458991827
synthetic,phase-protocol-v1,SYNTHETIC-NOT-A-DEVICE,template-run-001,SYNTHETIC-INSTRUMENT,SYNTHETIC-CALIBRATION-NOT-A-RECORD,electrical_drive_output,synthetic-reference-001,cos_omega_t_plus_phi,34,-0.022000,-0.022000,0.000000,40000.0,343.0,0.007,-0.004,0.120,2.723066285486
synthetic,phase-protocol-v1,SYNTHETIC-NOT-A-DEVICE,template-run-001,SYNTHETIC-INSTRUMENT,SYNTHETIC-CALIBRATION-NOT-A-RECORD,electrical_drive_output,synthetic-reference-001,cos_omega_t_plus_phi,35,-0.018000,-0.022000,0.000000,40000.0,343.0,0.007,-0.004,0.120,2.086549967332
synthetic,phase-protocol-v1,SYNTHETIC-NOT-A-DEVICE,template-run-001,SYNTHETIC-INSTRUMENT,SYNTHETIC-CALIBRATION-NOT-A-RECORD,electrical_drive_output,synthetic-reference-001,cos_omega_t_plus_phi,36,-0.014000,-0.022000,0.000000,40000.0,343.0,0.007,-0.004,0.120,1.540790890012
synthetic,phase-protocol-v1,SYNTHETIC-NOT-A-DEVICE,template-run-001,SYNTHETIC-INSTRUMENT,SYNTHETIC-CALIBRATION-NOT-A-RECORD,electrical_drive_output,synthetic-reference-001,cos_omega_t_plus_phi,37,-0.010000,-0.022000,0.000000,40000.0,343.0,0.007,-0.004,0.120,1.087444167968
synthetic,phase-protocol-v1,SYNTHETIC-NOT-A-DEVICE,template-run-001,SYNTHETIC-INSTRUMENT,SYNTHETIC-CALIBRATION-NOT-A-RECORD,electrical_drive_output,synthetic-reference-001,cos_omega_t_plus_phi,38,-0.006000,-0.022000,0.000000,40000.0,343.0,0.007,-0.004,0.120,0.727915357846
synthetic,phase-protocol-v1,SYNTHETIC-NOT-A-DEVICE,template-run-001,SYNTHETIC-INSTRUMENT,SYNTHETIC-CALIBRATION-NOT-A-RECORD,electrical_drive_output,synthetic-reference-001,cos_omega_t_plus_phi,39,-0.002000,-0.022000,0.000000,40000.0,343.0,0.007,-0.004,0.120,0.463339453560
synthetic,phase-protocol-v1,SYNTHETIC-NOT-A-DEVICE,template-run-001,SYNTHETIC-INSTRUMENT,SYNTHETIC-CALIBRATION-NOT-A-RECORD,electrical_drive_output,synthetic-reference-001,cos_omega_t_plus_phi,40,0.002000,-0.022000,0.000000,40000.0,343.0,0.007,-0.004,0.120,0.294563399398
synthetic,phase-protocol-v1,SYNTHETIC-NOT-A-DEVICE,template-run-001,SYNTHETIC-INSTRUMENT,SYNTHETIC-CALIBRATION-NOT-A-RECORD,electrical_drive_output,synthetic-reference-001,cos_omega_t_plus_phi,41,0.006000,-0.022000,0.000000,40000.0,343.0,0.007,-0.004,0.120,0.222132733170
synthetic,phase-protocol-v1,SYNTHETIC-NOT-A-DEVICE,template-run-001,SYNTHETIC-INSTRUMENT,SYNTHETIC-CALIBRATION-NOT-A-RECORD,electrical_drive_output,synthetic-reference-001,cos_omega_t_plus_phi,42,0.010000,-0.022000,0.000000,40000.0,343.0,0.007,-0.004,0.120,0.246282842650
synthetic,phase-protocol-v1,SYNTHETIC-NOT-A-DEVICE,template-run-001,SYNTHETIC-INSTRUMENT,SYNTHETIC-CALIBRATION-NOT-A-RECORD,electrical_drive_output,synthetic-reference-001,cos_omega_t_plus_phi,43,0.014000,-0.022000,0.000000,40000.0,343.0,0.007,-0.004,0.120,0.366935158922
synthetic,phase-protocol-v1,SYNTHETIC-NOT-A-DEVICE,template-run-001,SYNTHETIC-INSTRUMENT,SYNTHETIC-CALIBRATION-NOT-A-RECORD,electrical_drive_output,synthetic-reference-001,cos_omega_t_plus_phi,44,0.018000,-0.022000,0.000000,40000.0,343.0,0.007,-0.004,0.120,0.583698429264
synthetic,phase-protocol-v1,SYNTHETIC-NOT-A-DEVICE,template-run-001,SYNTHETIC-INSTRUMENT,SYNTHETIC-CALIBRATION-NOT-A-RECORD,electrical_drive_output,synthetic-reference-001,cos_omega_t_plus_phi,45,0.022000,-0.022000,0.000000,40000.0,343.0,0.007,-0.004,0.120,0.895875021768
synthetic,phase-protocol-v1,SYNTHETIC-NOT-A-DEVICE,template-run-001,SYNTHETIC-INSTRUMENT,SYNTHETIC-CALIBRATION-NOT-A-RECORD,electrical_drive_output,synthetic-reference-001,cos_omega_t_plus_phi,46,0.026000,-0.022000,0.000000,40000.0,343.0,0.007,-0.004,0.120,1.302472026591
synthetic,phase-protocol-v1,SYNTHETIC-NOT-A-DEVICE,template-run-001,SYNTHETIC-INSTRUMENT,SYNTHETIC-CALIBRATION-NOT-A-RECORD,electrical_drive_output,synthetic-reference-001,cos_omega_t_plus_phi,47,0.030000,-0.022000,0.000000,40000.0,343.0,0.007,-0.004,0.120,1.802216747105
synthetic,phase-protocol-v1,SYNTHETIC-NOT-A-DEVICE,template-run-001,SYNTHETIC-INSTRUMENT,SYNTHETIC-CALIBRATION-NOT-A-RECORD,electrical_drive_output,synthetic-reference-001,cos_omega_t_plus_phi,48,-0.030000,-0.018000,0.000000,40000.0,343.0,0.007,-0.004,0.120,3.890245340009
synthetic,phase-protocol-v1,SYNTHETIC-NOT-A-DEVICE,template-run-001,SYNTHETIC-INSTRUMENT,SYNTHETIC-CALIBRATION-NOT-A-RECORD,electrical_drive_output,synthetic-reference-001,cos_omega_t_plus_phi,49,-0.026000,-0.018000,0.000000,40000.0,343.0,0.007,-0.004,0.120,3.074778764372
synthetic,phase-protocol-v1,SYNTHETIC-NOT-A-DEVICE,template-run-001,SYNTHETIC-INSTRUMENT,SYNTHETIC-CALIBRATION-NOT-A-RECORD,electrical_drive_output,synthetic-reference-001,cos_omega_t_plus_phi,50,-0.022000,-0.018000,0.000000,40000.0,343.0,0.007,-0.004,0.120,2.346408645515
synthetic,phase-protocol-v1,SYNTHETIC-NOT-A-DEVICE,template-run-001,SYNTHETIC-INSTRUMENT,SYNTHETIC-CALIBRATION-NOT-A-RECORD,electrical_drive_output,synthetic-reference-001,cos_omega_t_plus_phi,51,-0.018000,-0.018000,0.000000,40000.0,343.0,0.007,-0.004,0.120,1.707240271790
synthetic,phase-protocol-v1,SYNTHETIC-NOT-A-DEVICE,template-run-001,SYNTHETIC-INSTRUMENT,SYNTHETIC-CALIBRATION-NOT-A-RECORD,electrical_drive_output,synthetic-reference-001,cos_omega_t_plus_phi,52,-0.014000,-0.018000,0.000000,40000.0,343.0,0.007,-0.004,0.120,1.159177297762
synthetic,phase-protocol-v1,SYNTHETIC-NOT-A-DEVICE,template-run-001,SYNTHETIC-INSTRUMENT,SYNTHETIC-CALIBRATION-NOT-A-RECORD,electrical_drive_output,synthetic-reference-001,cos_omega_t_plus_phi,53,-0.010000,-0.018000,0.000000,40000.0,343.0,0.007,-0.004,0.120,0.703895359678
synthetic,phase-protocol-v1,SYNTHETIC-NOT-A-DEVICE,template-run-001,SYNTHETIC-INSTRUMENT,SYNTHETIC-CALIBRATION-NOT-A-RECORD,electrical_drive_output,synthetic-reference-001,cos_omega_t_plus_phi,54,-0.006000,-0.018000,0.000000,40000.0,343.0,0.007,-0.004,0.120,0.342817775401
synthetic,phase-protocol-v1,SYNTHETIC-NOT-A-DEVICE,template-run-001,SYNTHETIC-INSTRUMENT,SYNTHETIC-CALIBRATION-NOT-A-RECORD,electrical_drive_output,synthetic-reference-001,cos_omega_t_plus_phi,55,-0.002000,-0.018000,0.000000,40000.0,343.0,0.007,-0.004,0.120,0.077094103711
synthetic,phase-protocol-v1,SYNTHETIC-NOT-A-DEVICE,template-run-001,SYNTHETIC-INSTRUMENT,SYNTHETIC-CALIBRATION-NOT-A-RECORD,electrical_drive_output,synthetic-reference-001,cos_omega_t_plus_phi,56,0.002000,-0.018000,0.000000,40000.0,343.0,0.007,-0.004,0.120,6.190767593615
synthetic,phase-protocol-v1,SYNTHETIC-NOT-A-DEVICE,template-run-001,SYNTHETIC-INSTRUMENT,SYNTHETIC-CALIBRATION-NOT-A-RECORD,electrical_drive_output,synthetic-reference-001,cos_omega_t_plus_phi,57,0.006000,-0.018000,0.000000,40000.0,343.0,0.007,-0.004,0.120,6.118020310606
synthetic,phase-protocol-v1,SYNTHETIC-NOT-A-DEVICE,template-run-001,SYNTHETIC-INSTRUMENT,SYNTHETIC-CALIBRATION-NOT-A-RECORD,electrical_drive_output,synthetic-reference-001,cos_omega_t_plus_phi,58,0.010000,-0.018000,0.000000,40000.0,343.0,0.007,-0.004,0.120,6.142276045347
synthetic,phase-protocol-v1,SYNTHETIC-NOT-A-DEVICE,template-run-001,SYNTHETIC-INSTRUMENT,SYNTHETIC-CALIBRATION-NOT-A-RECORD,electrical_drive_output,synthetic-reference-001,cos_omega_t_plus_phi,59,0.014000,-0.018000,0.000000,40000.0,343.0,0.007,-0.004,0.120,6.263455194677
synthetic,phase-protocol-v1,SYNTHETIC-NOT-A-DEVICE,template-run-001,SYNTHETIC-INSTRUMENT,SYNTHETIC-CALIBRATION-NOT-A-RECORD,electrical_drive_output,synthetic-reference-001,cos_omega_t_plus_phi,60,0.018000,-0.018000,0.000000,40000.0,343.0,0.007,-0.004,0.120,0.197976062497
synthetic,phase-protocol-v1,SYNTHETIC-NOT-A-DEVICE,template-run-001,SYNTHETIC-INSTRUMENT,SYNTHETIC-CALIBRATION-NOT-A-RECORD,electrical_drive_output,synthetic-reference-001,cos_omega_t_plus_phi,61,0.022000,-0.018000,0.000000,40000.0,343.0,0.007,-0.004,0.120,0.511502531235
synthetic,phase-protocol-v1,SYNTHETIC-NOT-A-DEVICE,template-run-001,SYNTHETIC-INSTRUMENT,SYNTHETIC-CALIBRATION-NOT-A-RECORD,electrical_drive_output,synthetic-reference-001,cos_omega_t_plus_phi,62,0.026000,-0.018000,0.000000,40000.0,343.0,0.007,-0.004,0.120,0.919843561084
synthetic,phase-protocol-v1,SYNTHETIC-NOT-A-DEVICE,template-run-001,SYNTHETIC-INSTRUMENT,SYNTHETIC-CALIBRATION-NOT-A-RECORD,electrical_drive_output,synthetic-reference-001,cos_omega_t_plus_phi,63,0.030000,-0.018000,0.000000,40000.0,343.0,0.007,-0.004,0.120,1.421710241500
synthetic,phase-protocol-v1,SYNTHETIC-NOT-A-DEVICE,template-run-001,SYNTHETIC-INSTRUMENT,SYNTHETIC-CALIBRATION-NOT-A-RECORD,electrical_drive_output,synthetic-reference-001,cos_omega_t_plus_phi,64,-0.030000,-0.014000,0.000000,40000.0,343.0,0.007,-0.004,0.120,3.611468389846
synthetic,phase-protocol-v1,SYNTHETIC-NOT-A-DEVICE,template-run-001,SYNTHETIC-INSTRUMENT,SYNTHETIC-CALIBRATION-NOT-A-RECORD,electrical_drive_output,synthetic-reference-001,cos_omega_t_plus_phi,65,-0.026000,-0.014000,0.000000,40000.0,343.0,0.007,-0.004,0.120,2.793516952285
synthetic,phase-protocol-v1,SYNTHETIC-NOT-A-DEVICE,template-run-001,SYNTHETIC-INSTRUMENT,SYNTHETIC-CALIBRATION-NOT-A-RECORD,electrical_drive_output,synthetic-reference-001,cos_omega_t_plus_phi,66,-0.022000,-0.014000,0.000000,40000.0,343.0,0.007,-0.004,0.120,2.062889556120
synthetic,phase-protocol-v1,SYNTHETIC-NOT-A-DEVICE,template-run-001,SYNTHETIC-INSTRUMENT,SYNTHETIC-CALIBRATION-NOT-A-RECORD,electrical_drive_output,synthetic-reference-001,cos_omega_t_plus_phi,67,-0.018000,-0.014000,0.000000,40000.0,343.0,0.007,-0.004,0.120,1.421710241500
synthetic,phase-protocol-v1,SYNTHETIC-NOT-A-DEVICE,template-run-001,SYNTHETIC-INSTRUMENT,SYNTHETIC-CALIBRATION-NOT-A-RECORD,electrical_drive_output,synthetic-reference-001,cos_omega_t_plus_phi,68,-0.014000,-0.014000,0.000000,40000.0,343.0,0.007,-0.004,0.120,0.871900068176
synthetic,phase-protocol-v1,SYNTHETIC-NOT-A-DEVICE,template-run-001,SYNTHETIC-INSTRUMENT,SYNTHETIC-CALIBRATION-NOT-A-RECORD,electrical_drive_output,synthetic-reference-001,cos_omega_t_plus_phi,69,-0.010000,-0.014000,0.000000,40000.0,343.0,0.007,-0.004,0.120,0.415150343541
synthetic,phase-protocol-v1,SYNTHETIC-NOT-A-DEVICE,template-run-001,SYNTHETIC-INSTRUMENT,SYNTHETIC-CALIBRATION-NOT-A-RECORD,electrical_drive_output,synthetic-reference-001,cos_omega_t_plus_phi,70,-0.006000,-0.014000,0.000000,40000.0,343.0,0.007,-0.004,0.120,0.052897953262
synthetic,phase-protocol-v1,SYNTHETIC-NOT-A-DEVICE,template-run-001,SYNTHETIC-INSTRUMENT,SYNTHETIC-CALIBRATION-NOT-A-RECORD,electrical_drive_output,synthetic-reference-001,cos_omega_t_plus_phi,71,-0.002000,-0.014000,0.000000,40000.0,343.0,0.007,-0.004,0.120,6.069488892604
synthetic,phase-protocol-v1,SYNTHETIC-NOT-A-DEVICE,template-run-001,SYNTHETIC-INSTRUMENT,SYNTHETIC-CALIBRATION-NOT-A-RECORD,electrical_drive_output,synthetic-reference-001,cos_omega_t_plus_phi,72,0.002000,-0.014000,0.000000,40000.0,343.0,0.007,-0.004,0.120,5.899418894343
synthetic,phase-protocol-v1,SYNTHETIC-NOT-A-DEVICE,template-run-001,SYNTHETIC-INSTRUMENT,SYNTHETIC-CALIBRATION-NOT-A-RECORD,electrical_drive_output,synthetic-reference-001,cos_omega_t_plus_phi,73,0.006000,-0.014000,0.000000,40000.0,343.0,0.007,-0.004,0.120,5.826431404945
synthetic,phase-protocol-v1,SYNTHETIC-NOT-A-DEVICE,template-run-001,SYNTHETIC-INSTRUMENT,SYNTHETIC-CALIBRATION-NOT-A-RECORD,electrical_drive_output,synthetic-reference-001,cos_omega_t_plus_phi,74,0.010000,-0.014000,0.000000,40000.0,343.0,0.007,-0.004,0.120,5.850767274484
synthetic,phase-protocol-v1,SYNTHETIC-NOT-A-DEVICE,template-run-001,SYNTHETIC-INSTRUMENT,SYNTHETIC-CALIBRATION-NOT-A-RECORD,electrical_drive_output,synthetic-reference-001,cos_omega_t_plus_phi,75,0.014000,-0.014000,0.000000,40000.0,343.0,0.007,-0.004,0.120,5.972346109133
synthetic,phase-protocol-v1,SYNTHETIC-NOT-A-DEVICE,template-run-001,SYNTHETIC-INSTRUMENT,SYNTHETIC-CALIBRATION-NOT-A-RECORD,electrical_drive_output,synthetic-reference-001,cos_omega_t_plus_phi,76,0.018000,-0.014000,0.000000,40000.0,343.0,0.007,-0.004,0.120,6.190767593615
synthetic,phase-protocol-v1,SYNTHETIC-NOT-A-DEVICE,template-run-001,SYNTHETIC-INSTRUMENT,SYNTHETIC-CALIBRATION-NOT-A-RECORD,electrical_drive_output,synthetic-reference-001,cos_omega_t_plus_phi,77,0.022000,-0.014000,0.000000,40000.0,343.0,0.007,-0.004,0.120,0.222132733170
synthetic,phase-protocol-v1,SYNTHETIC-NOT-A-DEVICE,template-run-001,SYNTHETIC-INSTRUMENT,SYNTHETIC-CALIBRATION-NOT-A-RECORD,electrical_drive_output,synthetic-reference-001,cos_omega_t_plus_phi,78,0.026000,-0.014000,0.000000,40000.0,343.0,0.007,-0.004,0.120,0.631796610212
synthetic,phase-protocol-v1,SYNTHETIC-NOT-A-DEVICE,template-run-001,SYNTHETIC-INSTRUMENT,SYNTHETIC-CALIBRATION-NOT-A-RECORD,electrical_drive_output,synthetic-reference-001,cos_omega_t_plus_phi,79,0.030000,-0.014000,0.000000,40000.0,343.0,0.007,-0.004,0.120,1.135272619320
synthetic,phase-protocol-v1,SYNTHETIC-NOT-A-DEVICE,template-run-001,SYNTHETIC-INSTRUMENT,SYNTHETIC-CALIBRATION-NOT-A-RECORD,electrical_drive_output,synthetic-reference-001,cos_omega_t_plus_phi,80,-0.030000,-0.010000,0.000000,40000.0,343.0,0.007,-0.004,0.120,3.425148387394
synthetic,phase-protocol-v1,SYNTHETIC-NOT-A-DEVICE,template-run-001,SYNTHETIC-INSTRUMENT,SYNTHETIC-CALIBRATION-NOT-A-RECORD,electrical_drive_output,synthetic-reference-001,cos_omega_t_plus_phi,81,-0.026000,-0.010000,0.000000,40000.0,343.0,0.007,-0.004,0.120,2.605527699440
synthetic,phase-protocol-v1,SYNTHETIC-NOT-A-DEVICE,template-run-001,SYNTHETIC-INSTRUMENT,SYNTHETIC-CALIBRATION-NOT-A-RECORD,electrical_drive_output,synthetic-reference-001,cos_omega_t_plus_phi,82,-0.022000,-0.010000,0.000000,40000.0,343.0,0.007,-0.004,0.120,1.873383739915
synthetic,phase-protocol-v1,SYNTHETIC-NOT-A-DEVICE,template-run-001,SYNTHETIC-INSTRUMENT,SYNTHETIC-CALIBRATION-NOT-A-RECORD,electrical_drive_output,synthetic-reference-001,cos_omega_t_plus_phi,83,-0.018000,-0.010000,0.000000,40000.0,343.0,0.007,-0.004,0.120,1.230853205061
synthetic,phase-protocol-v1,SYNTHETIC-NOT-A-DEVICE,template-run-001,SYNTHETIC-INSTRUMENT,SYNTHETIC-CALIBRATION-NOT-A-RECORD,electrical_drive_output,synthetic-reference-001,cos_omega_t_plus_phi,84,-0.014000,-0.010000,0.000000,40000.0,343.0,0.007,-0.004,0.120,0.679868905823
synthetic,phase-protocol-v1,SYNTHETIC-NOT-A-DEVICE,template-run-001,SYNTHETIC-INSTRUMENT,SYNTHETIC-CALIBRATION-NOT-A-RECORD,electrical_drive_output,synthetic-reference-001,cos_omega_t_plus_phi,85,-0.010000,-0.010000,0.000000,40000.0,343.0,0.007,-0.004,0.120,0.222132733170
synthetic,phase-protocol-v1,SYNTHETIC-NOT-A-DEVICE,template-run-001,SYNTHETIC-INSTRUMENT,SYNTHETIC-CALIBRATION-NOT-A-RECORD,electrical_drive_output,synthetic-reference-001,cos_omega_t_plus_phi,86,-0.006000,-0.010000,0.000000,40000.0,343.0,0.007,-0.004,0.120,6.142276045347
synthetic,phase-protocol-v1,SYNTHETIC-NOT-A-DEVICE,template-run-001,SYNTHETIC-INSTRUMENT,SYNTHETIC-CALIBRATION-NOT-A-RECORD,electrical_drive_output,synthetic-reference-001,cos_omega_t_plus_phi,87,-0.002000,-0.010000,0.000000,40000.0,343.0,0.007,-0.004,0.120,5.875096435768
synthetic,phase-protocol-v1,SYNTHETIC-NOT-A-DEVICE,template-run-001,SYNTHETIC-INSTRUMENT,SYNTHETIC-CALIBRATION-NOT-A-RECORD,electrical_drive_output,synthetic-reference-001,cos_omega_t_plus_phi,88,0.002000,-0.010000,0.000000,40000.0,343.0,0.007,-0.004,0.120,5.704651238838
synthetic,phase-protocol-v1,SYNTHETIC-NOT-A-DEVICE,template-run-001,SYNTHETIC-INSTRUMENT,SYNTHETIC-CALIBRATION-NOT-A-RECORD,electrical_drive_output,synthetic-reference-001,cos_omega_t_plus_phi,89,0.006000,-0.010000,0.000000,40000.0,343.0,0.007,-0.004,0.120,5.631502283604
synthetic,phase-protocol-v1,SYNTHETIC-NOT-A-DEVICE,template-run-001,SYNTHETIC-INSTRUMENT,SYNTHETIC-CALIBRATION-NOT-A-RECORD,electrical_drive_output,synthetic-reference-001,cos_omega_t_plus_phi,90,0.010000,-0.010000,0.000000,40000.0,343.0,0.007,-0.004,0.120,5.655892019700
synthetic,phase-protocol-v1,SYNTHETIC-NOT-A-DEVICE,template-run-001,SYNTHETIC-INSTRUMENT,SYNTHETIC-CALIBRATION-NOT-A-RECORD,electrical_drive_output,synthetic-reference-001,cos_omega_t_plus_phi,91,0.014000,-0.010000,0.000000,40000.0,343.0,0.007,-0.004,0.120,5.777739518886
synthetic,phase-protocol-v1,SYNTHETIC-NOT-A-DEVICE,template-run-001,SYNTHETIC-INSTRUMENT,SYNTHETIC-CALIBRATION-NOT-A-RECORD,electrical_drive_output,synthetic-reference-001,cos_omega_t_plus_phi,92,0.018000,-0.010000,0.000000,40000.0,343.0,0.007,-0.004,0.120,5.996641812158
synthetic,phase-protocol-v1,SYNTHETIC-NOT-A-DEVICE,template-run-001,SYNTHETIC-INSTRUMENT,SYNTHETIC-CALIBRATION-NOT-A-RECORD,electrical_drive_output,synthetic-reference-001,cos_omega_t_plus_phi,93,0.022000,-0.010000,0.000000,40000.0,343.0,0.007,-0.004,0.120,0.028695204013
synthetic,phase-protocol-v1,SYNTHETIC-NOT-A-DEVICE,template-run-001,SYNTHETIC-INSTRUMENT,SYNTHETIC-CALIBRATION-NOT-A-RECORD,electrical_drive_output,synthetic-reference-001,cos_omega_t_plus_phi,94,0.026000,-0.010000,0.000000,40000.0,343.0,0.007,-0.004,0.120,0.439248155232
synthetic,phase-protocol-v1,SYNTHETIC-NOT-A-DEVICE,template-run-001,SYNTHETIC-INSTRUMENT,SYNTHETIC-CALIBRATION-NOT-A-RECORD,electrical_drive_output,synthetic-reference-001,cos_omega_t_plus_phi,95,0.030000,-0.010000,0.000000,40000.0,343.0,0.007,-0.004,0.120,0.943805691272
synthetic,phase-protocol-v1,SYNTHETIC-NOT-A-DEVICE,template-run-001,SYNTHETIC-INSTRUMENT,SYNTHETIC-CALIBRATION-NOT-A-RECORD,electrical_drive_output,synthetic-reference-001,cos_omega_t_plus_phi,96,-0.030000,-0.006000,0.000000,40000.0,343.0,0.007,-0.004,0.120,3.331846921819
synthetic,phase-protocol-v1,SYNTHETIC-NOT-A-DEVICE,template-run-001,SYNTHETIC-INSTRUMENT,SYNTHETIC-CALIBRATION-NOT-A-RECORD,electrical_drive_output,synthetic-reference-001,cos_omega_t_plus_phi,97,-0.026000,-0.006000,0.000000,40000.0,343.0,0.007,-0.004,0.120,2.511387767045
synthetic,phase-protocol-v1,SYNTHETIC-NOT-A-DEVICE,template-run-001,SYNTHETIC-INSTRUMENT,SYNTHETIC-CALIBRATION-NOT-A-RECORD,electrical_drive_output,synthetic-reference-001,cos_omega_t_plus_phi,98,-0.022000,-0.006000,0.000000,40000.0,343.0,0.007,-0.004,0.120,1.778481975744
synthetic,phase-protocol-v1,SYNTHETIC-NOT-A-DEVICE,template-run-001,SYNTHETIC-INSTRUMENT,SYNTHETIC-CALIBRATION-NOT-A-RECORD,electrical_drive_output,synthetic-reference-001,cos_omega_t_plus_phi,99,-0.018000,-0.006000,0.000000,40000.0,343.0,0.007,-0.004,0.120,1.135272619320
synthetic,phase-protocol-v1,SYNTHETIC-NOT-A-DEVICE,template-run-001,SYNTHETIC-INSTRUMENT,SYNTHETIC-CALIBRATION-NOT-A-RECORD,electrical_drive_output,synthetic-reference-001,cos_omega_t_plus_phi,100,-0.014000,-0.006000,0.000000,40000.0,343.0,0.007,-0.004,0.120,0.583698429264
synthetic,phase-protocol-v1,SYNTHETIC-NOT-A-DEVICE,template-run-001,SYNTHETIC-INSTRUMENT,SYNTHETIC-CALIBRATION-NOT-A-RECORD,electrical_drive_output,synthetic-reference-001,cos_omega_t_plus_phi,101,-0.010000,-0.006000,0.000000,40000.0,343.0,0.007,-0.004,0.120,0.125466629777
synthetic,phase-protocol-v1,SYNTHETIC-NOT-A-DEVICE,template-run-001,SYNTHETIC-INSTRUMENT,SYNTHETIC-CALIBRATION-NOT-A-RECORD,electrical_drive_output,synthetic-reference-001,cos_omega_t_plus_phi,102,-0.006000,-0.006000,0.000000,40000.0,343.0,0.007,-0.004,0.120,6.045213198398
synthetic,phase-protocol-v1,SYNTHETIC-NOT-A-DEVICE,template-run-001,SYNTHETIC-INSTRUMENT,SYNTHETIC-CALIBRATION-NOT-A-RECORD,electrical_drive_output,synthetic-reference-001,cos_omega_t_plus_phi,103,-0.002000,-0.006000,0.000000,40000.0,343.0,0.007,-0.004,0.120,5.777739518886
synthetic,phase-protocol-v1,SYNTHETIC-NOT-A-DEVICE,template-run-001,SYNTHETIC-INSTRUMENT,SYNTHETIC-CALIBRATION-NOT-A-RECORD,electrical_drive_output,synthetic-reference-001,cos_omega_t_plus_phi,104,0.002000,-0.006000,0.000000,40000.0,343.0,0.007,-0.004,0.120,5.607105789008
synthetic,phase-protocol-v1,SYNTHETIC-NOT-A-DEVICE,template-run-001,SYNTHETIC-INSTRUMENT,SYNTHETIC-CALIBRATION-NOT-A-RECORD,electrical_drive_output,synthetic-reference-001,cos_omega_t_plus_phi,105,0.006000,-0.006000,0.000000,40000.0,343.0,0.007,-0.004,0.120,5.533875697965
synthetic,phase-protocol-v1,SYNTHETIC-NOT-A-DEVICE,template-run-001,SYNTHETIC-INSTRUMENT,SYNTHETIC-CALIBRATION-NOT-A-RECORD,electrical_drive_output,synthetic-reference-001,cos_omega_t_plus_phi,106,0.010000,-0.006000,0.000000,40000.0,343.0,0.007,-0.004,0.120,5.558292501822
synthetic,phase-protocol-v1,SYNTHETIC-NOT-A-DEVICE,template-run-001,SYNTHETIC-INSTRUMENT,SYNTHETIC-CALIBRATION-NOT-A-RECORD,electrical_drive_output,synthetic-reference-001,cos_omega_t_plus_phi,107,0.014000,-0.006000,0.000000,40000.0,343.0,0.007,-0.004,0.120,5.680275002909
synthetic,phase-protocol-v1,SYNTHETIC-NOT-A-DEVICE,template-run-001,SYNTHETIC-INSTRUMENT,SYNTHETIC-CALIBRATION-NOT-A-RECORD,electrical_drive_output,synthetic-reference-001,cos_omega_t_plus_phi,108,0.018000,-0.006000,0.000000,40000.0,343.0,0.007,-0.004,0.120,5.899418894343
synthetic,phase-protocol-v1,SYNTHETIC-NOT-A-DEVICE,template-run-001,SYNTHETIC-INSTRUMENT,SYNTHETIC-CALIBRATION-NOT-A-RECORD,electrical_drive_output,synthetic-reference-001,cos_omega_t_plus_phi,109,0.022000,-0.006000,0.000000,40000.0,343.0,0.007,-0.004,0.120,6.215003418042
synthetic,phase-protocol-v1,SYNTHETIC-NOT-A-DEVICE,template-run-001,SYNTHETIC-INSTRUMENT,SYNTHETIC-CALIBRATION-NOT-A-RECORD,electrical_drive_output,synthetic-reference-001,cos_omega_t_plus_phi,110,0.026000,-0.006000,0.000000,40000.0,343.0,0.007,-0.004,0.120,0.342817775401
synthetic,phase-protocol-v1,SYNTHETIC-NOT-A-DEVICE,template-run-001,SYNTHETIC-INSTRUMENT,SYNTHETIC-CALIBRATION-NOT-A-RECORD,electrical_drive_output,synthetic-reference-001,cos_omega_t_plus_phi,111,0.030000,-0.006000,0.000000,40000.0,343.0,0.007,-0.004,0.120,0.847918695158
synthetic,phase-protocol-v1,SYNTHETIC-NOT-A-DEVICE,template-run-001,SYNTHETIC-INSTRUMENT,SYNTHETIC-CALIBRATION-NOT-A-RECORD,electrical_drive_output,synthetic-reference-001,cos_omega_t_plus_phi,112,-0.030000,-0.002000,0.000000,40000.0,343.0,0.007,-0.004,0.120,3.331846921819
synthetic,phase-protocol-v1,SYNTHETIC-NOT-A-DEVICE,template-run-001,SYNTHETIC-INSTRUMENT,SYNTHETIC-CALIBRATION-NOT-A-RECORD,electrical_drive_output,synthetic-reference-001,cos_omega_t_plus_phi,113,-0.026000,-0.002000,0.000000,40000.0,343.0,0.007,-0.004,0.120,2.511387767045
synthetic,phase-protocol-v1,SYNTHETIC-NOT-A-DEVICE,template-run-001,SYNTHETIC-INSTRUMENT,SYNTHETIC-CALIBRATION-NOT-A-RECORD,electrical_drive_output,synthetic-reference-001,cos_omega_t_plus_phi,114,-0.022000,-0.002000,0.000000,40000.0,343.0,0.007,-0.004,0.120,1.778481975744
synthetic,phase-protocol-v1,SYNTHETIC-NOT-A-DEVICE,template-run-001,SYNTHETIC-INSTRUMENT,SYNTHETIC-CALIBRATION-NOT-A-RECORD,electrical_drive_output,synthetic-reference-001,cos_omega_t_plus_phi,115,-0.018000,-0.002000,0.000000,40000.0,343.0,0.007,-0.004,0.120,1.135272619320
synthetic,phase-protocol-v1,SYNTHETIC-NOT-A-DEVICE,template-run-001,SYNTHETIC-INSTRUMENT,SYNTHETIC-CALIBRATION-NOT-A-RECORD,electrical_drive_output,synthetic-reference-001,cos_omega_t_plus_phi,116,-0.014000,-0.002000,0.000000,40000.0,343.0,0.007,-0.004,0.120,0.583698429264
synthetic,phase-protocol-v1,SYNTHETIC-NOT-A-DEVICE,template-run-001,SYNTHETIC-INSTRUMENT,SYNTHETIC-CALIBRATION-NOT-A-RECORD,electrical_drive_output,synthetic-reference-001,cos_omega_t_plus_phi,117,-0.010000,-0.002000,0.000000,40000.0,343.0,0.007,-0.004,0.120,0.125466629777
synthetic,phase-protocol-v1,SYNTHETIC-NOT-A-DEVICE,template-run-001,SYNTHETIC-INSTRUMENT,SYNTHETIC-CALIBRATION-NOT-A-RECORD,electrical_drive_output,synthetic-reference-001,cos_omega_t_plus_phi,118,-0.006000,-0.002000,0.000000,40000.0,343.0,0.007,-0.004,0.120,6.045213198398
synthetic,phase-protocol-v1,SYNTHETIC-NOT-A-DEVICE,template-run-001,SYNTHETIC-INSTRUMENT,SYNTHETIC-CALIBRATION-NOT-A-RECORD,electrical_drive_output,synthetic-reference-001,cos_omega_t_plus_phi,119,-0.002000,-0.002000,0.000000,40000.0,343.0,0.007,-0.004,0.120,5.777739518886
synthetic,phase-protocol-v1,SYNTHETIC-NOT-A-DEVICE,template-run-001,SYNTHETIC-INSTRUMENT,SYNTHETIC-CALIBRATION-NOT-A-RECORD,electrical_drive_output,synthetic-reference-001,cos_omega_t_plus_phi,120,0.002000,-0.002000,0.000000,40000.0,343.0,0.007,-0.004,0.120,5.607105789008
synthetic,phase-protocol-v1,SYNTHETIC-NOT-A-DEVICE,template-run-001,SYNTHETIC-INSTRUMENT,SYNTHETIC-CALIBRATION-NOT-A-RECORD,electrical_drive_output,synthetic-reference-001,cos_omega_t_plus_phi,121,0.006000,-0.002000,0.000000,40000.0,343.0,0.007,-0.004,0.120,5.533875697965
synthetic,phase-protocol-v1,SYNTHETIC-NOT-A-DEVICE,template-run-001,SYNTHETIC-INSTRUMENT,SYNTHETIC-CALIBRATION-NOT-A-RECORD,electrical_drive_output,synthetic-reference-001,cos_omega_t_plus_phi,122,0.010000,-0.002000,0.000000,40000.0,343.0,0.007,-0.004,0.120,5.558292501822
synthetic,phase-protocol-v1,SYNTHETIC-NOT-A-DEVICE,template-run-001,SYNTHETIC-INSTRUMENT,SYNTHETIC-CALIBRATION-NOT-A-RECORD,electrical_drive_output,synthetic-reference-001,cos_omega_t_plus_phi,123,0.014000,-0.002000,0.000000,40000.0,343.0,0.007,-0.004,0.120,5.680275002909
synthetic,phase-protocol-v1,SYNTHETIC-NOT-A-DEVICE,template-run-001,SYNTHETIC-INSTRUMENT,SYNTHETIC-CALIBRATION-NOT-A-RECORD,electrical_drive_output,synthetic-reference-001,cos_omega_t_plus_phi,124,0.018000,-0.002000,0.000000,40000.0,343.0,0.007,-0.004,0.120,5.899418894343
synthetic,phase-protocol-v1,SYNTHETIC-NOT-A-DEVICE,template-run-001,SYNTHETIC-INSTRUMENT,SYNTHETIC-CALIBRATION-NOT-A-RECORD,electrical_drive_output,synthetic-reference-001,cos_omega_t_plus_phi,125,0.022000,-0.002000,0.000000,40000.0,343.0,0.007,-0.004,0.120,6.215003418042
synthetic,phase-protocol-v1,SYNTHETIC-NOT-A-DEVICE,template-run-001,SYNTHETIC-INSTRUMENT,SYNTHETIC-CALIBRATION-NOT-A-RECORD,electrical_drive_output,synthetic-reference-001,cos_omega_t_plus_phi,126,0.026000,-0.002000,0.000000,40000.0,343.0,0.007,-0.004,0.120,0.342817775401
synthetic,phase-protocol-v1,SYNTHETIC-NOT-A-DEVICE,template-run-001,SYNTHETIC-INSTRUMENT,SYNTHETIC-CALIBRATION-NOT-A-RECORD,electrical_drive_output,synthetic-reference-001,cos_omega_t_plus_phi,127,0.030000,-0.002000,0.000000,40000.0,343.0,0.007,-0.004,0.120,0.847918695158
synthetic,phase-protocol-v1,SYNTHETIC-NOT-A-DEVICE,template-run-001,SYNTHETIC-INSTRUMENT,SYNTHETIC-CALIBRATION-NOT-A-RECORD,electrical_drive_output,synthetic-reference-001,cos_omega_t_plus_phi,128,-0.030000,0.002000,0.000000,40000.0,343.0,0.007,-0.004,0.120,3.425148387394
synthetic,phase-protocol-v1,SYNTHETIC-NOT-A-DEVICE,template-run-001,SYNTHETIC-INSTRUMENT,SYNTHETIC-CALIBRATION-NOT-A-RECORD,electrical_drive_output,synthetic-reference-001,cos_omega_t_plus_phi,129,-0.026000,0.002000,0.000000,40000.0,343.0,0.007,-0.004,0.120,2.605527699440
synthetic,phase-protocol-v1,SYNTHETIC-NOT-A-DEVICE,template-run-001,SYNTHETIC-INSTRUMENT,SYNTHETIC-CALIBRATION-NOT-A-RECORD,electrical_drive_output,synthetic-reference-001,cos_omega_t_plus_phi,130,-0.022000,0.002000,0.000000,40000.0,343.0,0.007,-0.004,0.120,1.873383739915
synthetic,phase-protocol-v1,SYNTHETIC-NOT-A-DEVICE,template-run-001,SYNTHETIC-INSTRUMENT,SYNTHETIC-CALIBRATION-NOT-A-RECORD,electrical_drive_output,synthetic-reference-001,cos_omega_t_plus_phi,131,-0.018000,0.002000,0.000000,40000.0,343.0,0.007,-0.004,0.120,1.230853205061
synthetic,phase-protocol-v1,SYNTHETIC-NOT-A-DEVICE,template-run-001,SYNTHETIC-INSTRUMENT,SYNTHETIC-CALIBRATION-NOT-A-RECORD,electrical_drive_output,synthetic-reference-001,cos_omega_t_plus_phi,132,-0.014000,0.002000,0.000000,40000.0,343.0,0.007,-0.004,0.120,0.679868905823
synthetic,phase-protocol-v1,SYNTHETIC-NOT-A-DEVICE,template-run-001,SYNTHETIC-INSTRUMENT,SYNTHETIC-CALIBRATION-NOT-A-RECORD,electrical_drive_output,synthetic-reference-001,cos_omega_t_plus_phi,133,-0.010000,0.002000,0.000000,40000.0,343.0,0.007,-0.004,0.120,0.222132733170
synthetic,phase-protocol-v1,SYNTHETIC-NOT-A-DEVICE,template-run-001,SYNTHETIC-INSTRUMENT,SYNTHETIC-CALIBRATION-NOT-A-RECORD,electrical_drive_output,synthetic-reference-001,cos_omega_t_plus_phi,134,-0.006000,0.002000,0.000000,40000.0,343.0,0.007,-0.004,0.120,6.142276045347
synthetic,phase-protocol-v1,SYNTHETIC-NOT-A-DEVICE,template-run-001,SYNTHETIC-INSTRUMENT,SYNTHETIC-CALIBRATION-NOT-A-RECORD,electrical_drive_output,synthetic-reference-001,cos_omega_t_plus_phi,135,-0.002000,0.002000,0.000000,40000.0,343.0,0.007,-0.004,0.120,5.875096435768
synthetic,phase-protocol-v1,SYNTHETIC-NOT-A-DEVICE,template-run-001,SYNTHETIC-INSTRUMENT,SYNTHETIC-CALIBRATION-NOT-A-RECORD,electrical_drive_output,synthetic-reference-001,cos_omega_t_plus_phi,136,0.002000,0.002000,0.000000,40000.0,343.0,0.007,-0.004,0.120,5.704651238838
synthetic,phase-protocol-v1,SYNTHETIC-NOT-A-DEVICE,template-run-001,SYNTHETIC-INSTRUMENT,SYNTHETIC-CALIBRATION-NOT-A-RECORD,electrical_drive_output,synthetic-reference-001,cos_omega_t_plus_phi,137,0.006000,0.002000,0.000000,40000.0,343.0,0.007,-0.004,0.120,5.631502283604
synthetic,phase-protocol-v1,SYNTHETIC-NOT-A-DEVICE,template-run-001,SYNTHETIC-INSTRUMENT,SYNTHETIC-CALIBRATION-NOT-A-RECORD,electrical_drive_output,synthetic-reference-001,cos_omega_t_plus_phi,138,0.010000,0.002000,0.000000,40000.0,343.0,0.007,-0.004,0.120,5.655892019700
synthetic,phase-protocol-v1,SYNTHETIC-NOT-A-DEVICE,template-run-001,SYNTHETIC-INSTRUMENT,SYNTHETIC-CALIBRATION-NOT-A-RECORD,electrical_drive_output,synthetic-reference-001,cos_omega_t_plus_phi,139,0.014000,0.002000,0.000000,40000.0,343.0,0.007,-0.004,0.120,5.777739518886
synthetic,phase-protocol-v1,SYNTHETIC-NOT-A-DEVICE,template-run-001,SYNTHETIC-INSTRUMENT,SYNTHETIC-CALIBRATION-NOT-A-RECORD,electrical_drive_output,synthetic-reference-001,cos_omega_t_plus_phi,140,0.018000,0.002000,0.000000,40000.0,343.0,0.007,-0.004,0.120,5.996641812158
synthetic,phase-protocol-v1,SYNTHETIC-NOT-A-DEVICE,template-run-001,SYNTHETIC-INSTRUMENT,SYNTHETIC-CALIBRATION-NOT-A-RECORD,electrical_drive_output,synthetic-reference-001,cos_omega_t_plus_phi,141,0.022000,0.002000,0.000000,40000.0,343.0,0.007,-0.004,0.120,0.028695204013
synthetic,phase-protocol-v1,SYNTHETIC-NOT-A-DEVICE,template-run-001,SYNTHETIC-INSTRUMENT,SYNTHETIC-CALIBRATION-NOT-A-RECORD,electrical_drive_output,synthetic-reference-001,cos_omega_t_plus_phi,142,0.026000,0.002000,0.000000,40000.0,343.0,0.007,-0.004,0.120,0.439248155232
synthetic,phase-protocol-v1,SYNTHETIC-NOT-A-DEVICE,template-run-001,SYNTHETIC-INSTRUMENT,SYNTHETIC-CALIBRATION-NOT-A-RECORD,electrical_drive_output,synthetic-reference-001,cos_omega_t_plus_phi,143,0.030000,0.002000,0.000000,40000.0,343.0,0.007,-0.004,0.120,0.943805691272
synthetic,phase-protocol-v1,SYNTHETIC-NOT-A-DEVICE,template-run-001,SYNTHETIC-INSTRUMENT,SYNTHETIC-CALIBRATION-NOT-A-RECORD,electrical_drive_output,synthetic-reference-001,cos_omega_t_plus_phi,144,-0.030000,0.006000,0.000000,40000.0,343.0,0.007,-0.004,0.120,3.611468389846
synthetic,phase-protocol-v1,SYNTHETIC-NOT-A-DEVICE,template-run-001,SYNTHETIC-INSTRUMENT,SYNTHETIC-CALIBRATION-NOT-A-RECORD,electrical_drive_output,synthetic-reference-001,cos_omega_t_plus_phi,145,-0.026000,0.006000,0.000000,40000.0,343.0,0.007,-0.004,0.120,2.793516952285
synthetic,phase-protocol-v1,SYNTHETIC-NOT-A-DEVICE,template-run-001,SYNTHETIC-INSTRUMENT,SYNTHETIC-CALIBRATION-NOT-A-RECORD,electrical_drive_output,synthetic-reference-001,cos_omega_t_plus_phi,146,-0.022000,0.006000,0.000000,40000.0,343.0,0.007,-0.004,0.120,2.062889556120
synthetic,phase-protocol-v1,SYNTHETIC-NOT-A-DEVICE,template-run-001,SYNTHETIC-INSTRUMENT,SYNTHETIC-CALIBRATION-NOT-A-RECORD,electrical_drive_output,synthetic-reference-001,cos_omega_t_plus_phi,147,-0.018000,0.006000,0.000000,40000.0,343.0,0.007,-0.004,0.120,1.421710241500
synthetic,phase-protocol-v1,SYNTHETIC-NOT-A-DEVICE,template-run-001,SYNTHETIC-INSTRUMENT,SYNTHETIC-CALIBRATION-NOT-A-RECORD,electrical_drive_output,synthetic-reference-001,cos_omega_t_plus_phi,148,-0.014000,0.006000,0.000000,40000.0,343.0,0.007,-0.004,0.120,0.871900068176
synthetic,phase-protocol-v1,SYNTHETIC-NOT-A-DEVICE,template-run-001,SYNTHETIC-INSTRUMENT,SYNTHETIC-CALIBRATION-NOT-A-RECORD,electrical_drive_output,synthetic-reference-001,cos_omega_t_plus_phi,149,-0.010000,0.006000,0.000000,40000.0,343.0,0.007,-0.004,0.120,0.415150343541
synthetic,phase-protocol-v1,SYNTHETIC-NOT-A-DEVICE,template-run-001,SYNTHETIC-INSTRUMENT,SYNTHETIC-CALIBRATION-NOT-A-RECORD,electrical_drive_output,synthetic-reference-001,cos_omega_t_plus_phi,150,-0.006000,0.006000,0.000000,40000.0,343.0,0.007,-0.004,0.120,0.052897953262
synthetic,phase-protocol-v1,SYNTHETIC-NOT-A-DEVICE,template-run-001,SYNTHETIC-INSTRUMENT,SYNTHETIC-CALIBRATION-NOT-A-RECORD,electrical_drive_output,synthetic-reference-001,cos_omega_t_plus_phi,151,-0.002000,0.006000,0.000000,40000.0,343.0,0.007,-0.004,0.120,6.069488892604
synthetic,phase-protocol-v1,SYNTHETIC-NOT-A-DEVICE,template-run-001,SYNTHETIC-INSTRUMENT,SYNTHETIC-CALIBRATION-NOT-A-RECORD,electrical_drive_output,synthetic-reference-001,cos_omega_t_plus_phi,152,0.002000,0.006000,0.000000,40000.0,343.0,0.007,-0.004,0.120,5.899418894343
synthetic,phase-protocol-v1,SYNTHETIC-NOT-A-DEVICE,template-run-001,SYNTHETIC-INSTRUMENT,SYNTHETIC-CALIBRATION-NOT-A-RECORD,electrical_drive_output,synthetic-reference-001,cos_omega_t_plus_phi,153,0.006000,0.006000,0.000000,40000.0,343.0,0.007,-0.004,0.120,5.826431404945
synthetic,phase-protocol-v1,SYNTHETIC-NOT-A-DEVICE,template-run-001,SYNTHETIC-INSTRUMENT,SYNTHETIC-CALIBRATION-NOT-A-RECORD,electrical_drive_output,synthetic-reference-001,cos_omega_t_plus_phi,154,0.010000,0.006000,0.000000,40000.0,343.0,0.007,-0.004,0.120,5.850767274484
synthetic,phase-protocol-v1,SYNTHETIC-NOT-A-DEVICE,template-run-001,SYNTHETIC-INSTRUMENT,SYNTHETIC-CALIBRATION-NOT-A-RECORD,electrical_drive_output,synthetic-reference-001,cos_omega_t_plus_phi,155,0.014000,0.006000,0.000000,40000.0,343.0,0.007,-0.004,0.120,5.972346109133
synthetic,phase-protocol-v1,SYNTHETIC-NOT-A-DEVICE,template-run-001,SYNTHETIC-INSTRUMENT,SYNTHETIC-CALIBRATION-NOT-A-RECORD,electrical_drive_output,synthetic-reference-001,cos_omega_t_plus_phi,156,0.018000,0.006000,0.000000,40000.0,343.0,0.007,-0.004,0.120,6.190767593615
synthetic,phase-protocol-v1,SYNTHETIC-NOT-A-DEVICE,template-run-001,SYNTHETIC-INSTRUMENT,SYNTHETIC-CALIBRATION-NOT-A-RECORD,electrical_drive_output,synthetic-reference-001,cos_omega_t_plus_phi,157,0.022000,0.006000,0.000000,40000.0,343.0,0.007,-0.004,0.120,0.222132733170
synthetic,phase-protocol-v1,SYNTHETIC-NOT-A-DEVICE,template-run-001,SYNTHETIC-INSTRUMENT,SYNTHETIC-CALIBRATION-NOT-A-RECORD,electrical_drive_output,synthetic-reference-001,cos_omega_t_plus_phi,158,0.026000,0.006000,0.000000,40000.0,343.0,0.007,-0.004,0.120,0.631796610212
synthetic,phase-protocol-v1,SYNTHETIC-NOT-A-DEVICE,template-run-001,SYNTHETIC-INSTRUMENT,SYNTHETIC-CALIBRATION-NOT-A-RECORD,electrical_drive_output,synthetic-reference-001,cos_omega_t_plus_phi,159,0.030000,0.006000,0.000000,40000.0,343.0,0.007,-0.004,0.120,1.135272619320
synthetic,phase-protocol-v1,SYNTHETIC-NOT-A-DEVICE,template-run-001,SYNTHETIC-INSTRUMENT,SYNTHETIC-CALIBRATION-NOT-A-RECORD,electrical_drive_output,synthetic-reference-001,cos_omega_t_plus_phi,160,-0.030000,0.010000,0.000000,40000.0,343.0,0.007,-0.004,0.120,3.890245340009
synthetic,phase-protocol-v1,SYNTHETIC-NOT-A-DEVICE,template-run-001,SYNTHETIC-INSTRUMENT,SYNTHETIC-CALIBRATION-NOT-A-RECORD,electrical_drive_output,synthetic-reference-001,cos_omega_t_plus_phi,161,-0.026000,0.010000,0.000000,40000.0,343.0,0.007,-0.004,0.120,3.074778764372
synthetic,phase-protocol-v1,SYNTHETIC-NOT-A-DEVICE,template-run-001,SYNTHETIC-INSTRUMENT,SYNTHETIC-CALIBRATION-NOT-A-RECORD,electrical_drive_output,synthetic-reference-001,cos_omega_t_plus_phi,162,-0.022000,0.010000,0.000000,40000.0,343.0,0.007,-0.004,0.120,2.346408645515
synthetic,phase-protocol-v1,SYNTHETIC-NOT-A-DEVICE,template-run-001,SYNTHETIC-INSTRUMENT,SYNTHETIC-CALIBRATION-NOT-A-RECORD,electrical_drive_output,synthetic-reference-001,cos_omega_t_plus_phi,163,-0.018000,0.010000,0.000000,40000.0,343.0,0.007,-0.004,0.120,1.707240271790
synthetic,phase-protocol-v1,SYNTHETIC-NOT-A-DEVICE,template-run-001,SYNTHETIC-INSTRUMENT,SYNTHETIC-CALIBRATION-NOT-A-RECORD,electrical_drive_output,synthetic-reference-001,cos_omega_t_plus_phi,164,-0.014000,0.010000,0.000000,40000.0,343.0,0.007,-0.004,0.120,1.159177297762
synthetic,phase-protocol-v1,SYNTHETIC-NOT-A-DEVICE,template-run-001,SYNTHETIC-INSTRUMENT,SYNTHETIC-CALIBRATION-NOT-A-RECORD,electrical_drive_output,synthetic-reference-001,cos_omega_t_plus_phi,165,-0.010000,0.010000,0.000000,40000.0,343.0,0.007,-0.004,0.120,0.703895359678
synthetic,phase-protocol-v1,SYNTHETIC-NOT-A-DEVICE,template-run-001,SYNTHETIC-INSTRUMENT,SYNTHETIC-CALIBRATION-NOT-A-RECORD,electrical_drive_output,synthetic-reference-001,cos_omega_t_plus_phi,166,-0.006000,0.010000,0.000000,40000.0,343.0,0.007,-0.004,0.120,0.342817775401
synthetic,phase-protocol-v1,SYNTHETIC-NOT-A-DEVICE,template-run-001,SYNTHETIC-INSTRUMENT,SYNTHETIC-CALIBRATION-NOT-A-RECORD,electrical_drive_output,synthetic-reference-001,cos_omega_t_plus_phi,167,-0.002000,0.010000,0.000000,40000.0,343.0,0.007,-0.004,0.120,0.077094103711
synthetic,phase-protocol-v1,SYNTHETIC-NOT-A-DEVICE,template-run-001,SYNTHETIC-INSTRUMENT,SYNTHETIC-CALIBRATION-NOT-A-RECORD,electrical_drive_output,synthetic-reference-001,cos_omega_t_plus_phi,168,0.002000,0.010000,0.000000,40000.0,343.0,0.007,-0.004,0.120,6.190767593615
synthetic,phase-protocol-v1,SYNTHETIC-NOT-A-DEVICE,template-run-001,SYNTHETIC-INSTRUMENT,SYNTHETIC-CALIBRATION-NOT-A-RECORD,electrical_drive_output,synthetic-reference-001,cos_omega_t_plus_phi,169,0.006000,0.010000,0.000000,40000.0,343.0,0.007,-0.004,0.120,6.118020310606
synthetic,phase-protocol-v1,SYNTHETIC-NOT-A-DEVICE,template-run-001,SYNTHETIC-INSTRUMENT,SYNTHETIC-CALIBRATION-NOT-A-RECORD,electrical_drive_output,synthetic-reference-001,cos_omega_t_plus_phi,170,0.010000,0.010000,0.000000,40000.0,343.0,0.007,-0.004,0.120,6.142276045347
synthetic,phase-protocol-v1,SYNTHETIC-NOT-A-DEVICE,template-run-001,SYNTHETIC-INSTRUMENT,SYNTHETIC-CALIBRATION-NOT-A-RECORD,electrical_drive_output,synthetic-reference-001,cos_omega_t_plus_phi,171,0.014000,0.010000,0.000000,40000.0,343.0,0.007,-0.004,0.120,6.263455194677
synthetic,phase-protocol-v1,SYNTHETIC-NOT-A-DEVICE,template-run-001,SYNTHETIC-INSTRUMENT,SYNTHETIC-CALIBRATION-NOT-A-RECORD,electrical_drive_output,synthetic-reference-001,cos_omega_t_plus_phi,172,0.018000,0.010000,0.000000,40000.0,343.0,0.007,-0.004,0.120,0.197976062497
synthetic,phase-protocol-v1,SYNTHETIC-NOT-A-DEVICE,template-run-001,SYNTHETIC-INSTRUMENT,SYNTHETIC-CALIBRATION-NOT-A-RECORD,electrical_drive_output,synthetic-reference-001,cos_omega_t_plus_phi,173,0.022000,0.010000,0.000000,40000.0,343.0,0.007,-0.004,0.120,0.511502531235
synthetic,phase-protocol-v1,SYNTHETIC-NOT-A-DEVICE,template-run-001,SYNTHETIC-INSTRUMENT,SYNTHETIC-CALIBRATION-NOT-A-RECORD,electrical_drive_output,synthetic-reference-001,cos_omega_t_plus_phi,174,0.026000,0.010000,0.000000,40000.0,343.0,0.007,-0.004,0.120,0.919843561084
synthetic,phase-protocol-v1,SYNTHETIC-NOT-A-DEVICE,template-run-001,SYNTHETIC-INSTRUMENT,SYNTHETIC-CALIBRATION-NOT-A-RECORD,electrical_drive_output,synthetic-reference-001,cos_omega_t_plus_phi,175,0.030000,0.010000,0.000000,40000.0,343.0,0.007,-0.004,0.120,1.421710241500
synthetic,phase-protocol-v1,SYNTHETIC-NOT-A-DEVICE,template-run-001,SYNTHETIC-INSTRUMENT,SYNTHETIC-CALIBRATION-NOT-A-RECORD,electrical_drive_output,synthetic-reference-001,cos_omega_t_plus_phi,176,-0.030000,0.014000,0.000000,40000.0,343.0,0.007,-0.004,0.120,4.260647375509
synthetic,phase-protocol-v1,SYNTHETIC-NOT-A-DEVICE,template-run-001,SYNTHETIC-INSTRUMENT,SYNTHETIC-CALIBRATION-NOT-A-RECORD,electrical_drive_output,synthetic-reference-001,cos_omega_t_plus_phi,177,-0.026000,0.014000,0.000000,40000.0,343.0,0.007,-0.004,0.120,3.448458991827
synthetic,phase-protocol-v1,SYNTHETIC-NOT-A-DEVICE,template-run-001,SYNTHETIC-INSTRUMENT,SYNTHETIC-CALIBRATION-NOT-A-RECORD,electrical_drive_output,synthetic-reference-001,cos_omega_t_plus_phi,178,-0.022000,0.014000,0.000000,40000.0,343.0,0.007,-0.004,0.120,2.723066285486
synthetic,phase-protocol-v1,SYNTHETIC-NOT-A-DEVICE,template-run-001,SYNTHETIC-INSTRUMENT,SYNTHETIC-CALIBRATION-NOT-A-RECORD,electrical_drive_output,synthetic-reference-001,cos_omega_t_plus_phi,179,-0.018000,0.014000,0.000000,40000.0,343.0,0.007,-0.004,0.120,2.086549967332
synthetic,phase-protocol-v1,SYNTHETIC-NOT-A-DEVICE,template-run-001,SYNTHETIC-INSTRUMENT,SYNTHETIC-CALIBRATION-NOT-A-RECORD,electrical_drive_output,synthetic-reference-001,cos_omega_t_plus_phi,180,-0.014000,0.014000,0.000000,40000.0,343.0,0.007,-0.004,0.120,1.540790890012
synthetic,phase-protocol-v1,SYNTHETIC-NOT-A-DEVICE,template-run-001,SYNTHETIC-INSTRUMENT,SYNTHETIC-CALIBRATION-NOT-A-RECORD,electrical_drive_output,synthetic-reference-001,cos_omega_t_plus_phi,181,-0.010000,0.014000,0.000000,40000.0,343.0,0.007,-0.004,0.120,1.087444167968
synthetic,phase-protocol-v1,SYNTHETIC-NOT-A-DEVICE,template-run-001,SYNTHETIC-INSTRUMENT,SYNTHETIC-CALIBRATION-NOT-A-RECORD,electrical_drive_output,synthetic-reference-001,cos_omega_t_plus_phi,182,-0.006000,0.014000,0.000000,40000.0,343.0,0.007,-0.004,0.120,0.727915357846
synthetic,phase-protocol-v1,SYNTHETIC-NOT-A-DEVICE,template-run-001,SYNTHETIC-INSTRUMENT,SYNTHETIC-CALIBRATION-NOT-A-RECORD,electrical_drive_output,synthetic-reference-001,cos_omega_t_plus_phi,183,-0.002000,0.014000,0.000000,40000.0,343.0,0.007,-0.004,0.120,0.463339453560
synthetic,phase-protocol-v1,SYNTHETIC-NOT-A-DEVICE,template-run-001,SYNTHETIC-INSTRUMENT,SYNTHETIC-CALIBRATION-NOT-A-RECORD,electrical_drive_output,synthetic-reference-001,cos_omega_t_plus_phi,184,0.002000,0.014000,0.000000,40000.0,343.0,0.007,-0.004,0.120,0.294563399398
synthetic,phase-protocol-v1,SYNTHETIC-NOT-A-DEVICE,template-run-001,SYNTHETIC-INSTRUMENT,SYNTHETIC-CALIBRATION-NOT-A-RECORD,electrical_drive_output,synthetic-reference-001,cos_omega_t_plus_phi,185,0.006000,0.014000,0.000000,40000.0,343.0,0.007,-0.004,0.120,0.222132733170
synthetic,phase-protocol-v1,SYNTHETIC-NOT-A-DEVICE,template-run-001,SYNTHETIC-INSTRUMENT,SYNTHETIC-CALIBRATION-NOT-A-RECORD,electrical_drive_output,synthetic-reference-001,cos_omega_t_plus_phi,186,0.010000,0.014000,0.000000,40000.0,343.0,0.007,-0.004,0.120,0.246282842650
synthetic,phase-protocol-v1,SYNTHETIC-NOT-A-DEVICE,template-run-001,SYNTHETIC-INSTRUMENT,SYNTHETIC-CALIBRATION-NOT-A-RECORD,electrical_drive_output,synthetic-reference-001,cos_omega_t_plus_phi,187,0.014000,0.014000,0.000000,40000.0,343.0,0.007,-0.004,0.120,0.366935158922
synthetic,phase-protocol-v1,SYNTHETIC-NOT-A-DEVICE,template-run-001,SYNTHETIC-INSTRUMENT,SYNTHETIC-CALIBRATION-NOT-A-RECORD,electrical_drive_output,synthetic-reference-001,cos_omega_t_plus_phi,188,0.018000,0.014000,0.000000,40000.0,343.0,0.007,-0.004,0.120,0.583698429264
synthetic,phase-protocol-v1,SYNTHETIC-NOT-A-DEVICE,template-run-001,SYNTHETIC-INSTRUMENT,SYNTHETIC-CALIBRATION-NOT-A-RECORD,electrical_drive_output,synthetic-reference-001,cos_omega_t_plus_phi,189,0.022000,0.014000,0.000000,40000.0,343.0,0.007,-0.004,0.120,0.895875021768
synthetic,phase-protocol-v1,SYNTHETIC-NOT-A-DEVICE,template-run-001,SYNTHETIC-INSTRUMENT,SYNTHETIC-CALIBRATION-NOT-A-RECORD,electrical_drive_output,synthetic-reference-001,cos_omega_t_plus_phi,190,0.026000,0.014000,0.000000,40000.0,343.0,0.007,-0.004,0.120,1.302472026591
synthetic,phase-protocol-v1,SYNTHETIC-NOT-A-DEVICE,template-run-001,SYNTHETIC-INSTRUMENT,SYNTHETIC-CALIBRATION-NOT-A-RECORD,electrical_drive_output,synthetic-reference-001,cos_omega_t_plus_phi,191,0.030000,0.014000,0.000000,40000.0,343.0,0.007,-0.004,0.120,1.802216747105
synthetic,phase-protocol-v1,SYNTHETIC-NOT-A-DEVICE,template-run-001,SYNTHETIC-INSTRUMENT,SYNTHETIC-CALIBRATION-NOT-A-RECORD,electrical_drive_output,synthetic-reference-001,cos_omega_t_plus_phi,192,-0.030000,0.018000,0.000000,40000.0,343.0,0.007,-0.004,0.120,4.721584577982
synthetic,phase-protocol-v1,SYNTHETIC-NOT-A-DEVICE,template-run-001,SYNTHETIC-INSTRUMENT,SYNTHETIC-CALIBRATION-NOT-A-RECORD,electrical_drive_output,synthetic-reference-001,cos_omega_t_plus_phi,193,-0.026000,0.018000,0.000000,40000.0,343.0,0.007,-0.004,0.120,3.913438871167
synthetic,phase-protocol-v1,SYNTHETIC-NOT-A-DEVICE,template-run-001,SYNTHETIC-INSTRUMENT,SYNTHETIC-CALIBRATION-NOT-A-RECORD,electrical_drive_output,synthetic-reference-001,cos_omega_t_plus_phi,194,-0.022000,0.018000,0.000000,40000.0,343.0,0.007,-0.004,0.120,3.191717085111
synthetic,phase-protocol-v1,SYNTHETIC-NOT-A-DEVICE,template-run-001,SYNTHETIC-INSTRUMENT,SYNTHETIC-CALIBRATION-NOT-A-RECORD,electrical_drive_output,synthetic-reference-001,cos_omega_t_plus_phi,195,-0.018000,0.018000,0.000000,40000.0,343.0,0.007,-0.004,0.120,2.558469873284
synthetic,phase-protocol-v1,SYNTHETIC-NOT-A-DEVICE,template-run-001,SYNTHETIC-INSTRUMENT,SYNTHETIC-CALIBRATION-NOT-A-RECORD,electrical_drive_output,synthetic-reference-001,cos_omega_t_plus_phi,196,-0.014000,0.018000,0.000000,40000.0,343.0,0.007,-0.004,0.120,2.015550218864
synthetic,phase-protocol-v1,SYNTHETIC-NOT-A-DEVICE,template-run-001,SYNTHETIC-INSTRUMENT,SYNTHETIC-CALIBRATION-NOT-A-RECORD,electrical_drive_output,synthetic-reference-001,cos_omega_t_plus_phi,197,-0.010000,0.018000,0.000000,40000.0,343.0,0.007,-0.004,0.120,1.564588166643
synthetic,phase-protocol-v1,SYNTHETIC-NOT-A-DEVICE,template-run-001,SYNTHETIC-INSTRUMENT,SYNTHETIC-CALIBRATION-NOT-A-RECORD,electrical_drive_output,synthetic-reference-001,cos_omega_t_plus_phi,198,-0.006000,0.018000,0.000000,40000.0,343.0,0.007,-0.004,0.120,1.206967585565
synthetic,phase-protocol-v1,SYNTHETIC-NOT-A-DEVICE,template-run-001,SYNTHETIC-INSTRUMENT,SYNTHETIC-CALIBRATION-NOT-A-RECORD,electrical_drive_output,synthetic-reference-001,cos_omega_t_plus_phi,199,-0.002000,0.018000,0.000000,40000.0,343.0,0.007,-0.004,0.120,0.943805691272
synthetic,phase-protocol-v1,SYNTHETIC-NOT-A-DEVICE,template-run-001,SYNTHETIC-INSTRUMENT,SYNTHETIC-CALIBRATION-NOT-A-RECORD,electrical_drive_output,synthetic-reference-001,cos_omega_t_plus_phi,200,0.002000,0.018000,0.000000,40000.0,343.0,0.007,-0.004,0.120,0.775936007914
synthetic,phase-protocol-v1,SYNTHETIC-NOT-A-DEVICE,template-run-001,SYNTHETIC-INSTRUMENT,SYNTHETIC-CALIBRATION-NOT-A-RECORD,electrical_drive_output,synthetic-reference-001,cos_omega_t_plus_phi,201,0.006000,0.018000,0.000000,40000.0,343.0,0.007,-0.004,0.120,0.703895359678
synthetic,phase-protocol-v1,SYNTHETIC-NOT-A-DEVICE,template-run-001,SYNTHETIC-INSTRUMENT,SYNTHETIC-CALIBRATION-NOT-A-RECORD,electrical_drive_output,synthetic-reference-001,cos_omega_t_plus_phi,202,0.010000,0.018000,0.000000,40000.0,343.0,0.007,-0.004,0.120,0.727915357846
synthetic,phase-protocol-v1,SYNTHETIC-NOT-A-DEVICE,template-run-001,SYNTHETIC-INSTRUMENT,SYNTHETIC-CALIBRATION-NOT-A-RECORD,electrical_drive_output,synthetic-reference-001,cos_omega_t_plus_phi,203,0.014000,0.018000,0.000000,40000.0,343.0,0.007,-0.004,0.120,0.847918695158
synthetic,phase-protocol-v1,SYNTHETIC-NOT-A-DEVICE,template-run-001,SYNTHETIC-INSTRUMENT,SYNTHETIC-CALIBRATION-NOT-A-RECORD,electrical_drive_output,synthetic-reference-001,cos_omega_t_plus_phi,204,0.018000,0.018000,0.000000,40000.0,343.0,0.007,-0.004,0.120,1.063520384885
synthetic,phase-protocol-v1,SYNTHETIC-NOT-A-DEVICE,template-run-001,SYNTHETIC-INSTRUMENT,SYNTHETIC-CALIBRATION-NOT-A-RECORD,electrical_drive_output,synthetic-reference-001,cos_omega_t_plus_phi,205,0.022000,0.018000,0.000000,40000.0,343.0,0.007,-0.004,0.120,1.374033898531
synthetic,phase-protocol-v1,SYNTHETIC-NOT-A-DEVICE,template-run-001,SYNTHETIC-INSTRUMENT,SYNTHETIC-CALIBRATION-NOT-A-RECORD,electrical_drive_output,synthetic-reference-001,cos_omega_t_plus_phi,206,0.026000,0.018000,0.000000,40000.0,343.0,0.007,-0.004,0.120,1.778481975744
synthetic,phase-protocol-v1,SYNTHETIC-NOT-A-DEVICE,template-run-001,SYNTHETIC-INSTRUMENT,SYNTHETIC-CALIBRATION-NOT-A-RECORD,electrical_drive_output,synthetic-reference-001,cos_omega_t_plus_phi,207,0.030000,0.018000,0.000000,40000.0,343.0,0.007,-0.004,0.120,2.275611714438
synthetic,phase-protocol-v1,SYNTHETIC-NOT-A-DEVICE,template-run-001,SYNTHETIC-INSTRUMENT,SYNTHETIC-CALIBRATION-NOT-A-RECORD,electrical_drive_output,synthetic-reference-001,cos_omega_t_plus_phi,208,-0.030000,0.022000,0.000000,40000.0,343.0,0.007,-0.004,0.120,5.271724608962
synthetic,phase-protocol-v1,SYNTHETIC-NOT-A-DEVICE,template-run-001,SYNTHETIC-INSTRUMENT,SYNTHETIC-CALIBRATION-NOT-A-RECORD,electrical_drive_output,synthetic-reference-001,cos_omega_t_plus_phi,209,-0.026000,0.022000,0.000000,40000.0,343.0,0.007,-0.004,0.120,4.468351341825
synthetic,phase-protocol-v1,SYNTHETIC-NOT-A-DEVICE,template-run-001,SYNTHETIC-INSTRUMENT,SYNTHETIC-CALIBRATION-NOT-A-RECORD,electrical_drive_output,synthetic-reference-001,cos_omega_t_plus_phi,210,-0.022000,0.022000,0.000000,40000.0,343.0,0.007,-0.004,0.120,3.750961951600
synthetic,phase-protocol-v1,SYNTHETIC-NOT-A-DEVICE,template-run-001,SYNTHETIC-INSTRUMENT,SYNTHETIC-CALIBRATION-NOT-A-RECORD,electrical_drive_output,synthetic-reference-001,cos_omega_t_plus_phi,211,-0.018000,0.022000,0.000000,40000.0,343.0,0.007,-0.004,0.120,3.121571965180
synthetic,phase-protocol-v1,SYNTHETIC-NOT-A-DEVICE,template-run-001,SYNTHETIC-INSTRUMENT,SYNTHETIC-CALIBRATION-NOT-A-RECORD,electrical_drive_output,synthetic-reference-001,cos_omega_t_plus_phi,212,-0.014000,0.022000,0.000000,40000.0,343.0,0.007,-0.004,0.120,2.582001819025
synthetic,phase-protocol-v1,SYNTHETIC-NOT-A-DEVICE,template-run-001,SYNTHETIC-INSTRUMENT,SYNTHETIC-CALIBRATION-NOT-A-RECORD,electrical_drive_output,synthetic-reference-001,cos_omega_t_plus_phi,213,-0.010000,0.022000,0.000000,40000.0,343.0,0.007,-0.004,0.120,2.133852299037
synthetic,phase-protocol-v1,SYNTHETIC-NOT-A-DEVICE,template-run-001,SYNTHETIC-INSTRUMENT,SYNTHETIC-CALIBRATION-NOT-A-RECORD,electrical_drive_output,synthetic-reference-001,cos_omega_t_plus_phi,214,-0.006000,0.022000,0.000000,40000.0,343.0,0.007,-0.004,0.120,1.778481975744
synthetic,phase-protocol-v1,SYNTHETIC-NOT-A-DEVICE,template-run-001,SYNTHETIC-INSTRUMENT,SYNTHETIC-CALIBRATION-NOT-A-RECORD,electrical_drive_output,synthetic-reference-001,cos_omega_t_plus_phi,215,-0.002000,0.022000,0.000000,40000.0,343.0,0.007,-0.004,0.120,1.516987335658
synthetic,phase-protocol-v1,SYNTHETIC-NOT-A-DEVICE,template-run-001,SYNTHETIC-INSTRUMENT,SYNTHETIC-CALIBRATION-NOT-A-RECORD,electrical_drive_output,synthetic-reference-001,cos_omega_t_plus_phi,216,0.002000,0.022000,0.000000,40000.0,343.0,0.007,-0.004,0.120,1.350186260566
synthetic,phase-protocol-v1,SYNTHETIC-NOT-A-DEVICE,template-run-001,SYNTHETIC-INSTRUMENT,SYNTHETIC-CALIBRATION-NOT-A-RECORD,electrical_drive_output,synthetic-reference-001,cos_omega_t_plus_phi,217,0.006000,0.022000,0.000000,40000.0,343.0,0.007,-0.004,0.120,1.278605420527
synthetic,phase-protocol-v1,SYNTHETIC-NOT-A-DEVICE,template-run-001,SYNTHETIC-INSTRUMENT,SYNTHETIC-CALIBRATION-NOT-A-RECORD,electrical_drive_output,synthetic-reference-001,cos_omega_t_plus_phi,218,0.010000,0.022000,0.000000,40000.0,343.0,0.007,-0.004,0.120,1.302472026591
synthetic,phase-protocol-v1,SYNTHETIC-NOT-A-DEVICE,template-run-001,SYNTHETIC-INSTRUMENT,SYNTHETIC-CALIBRATION-NOT-A-RECORD,electrical_drive_output,synthetic-reference-001,cos_omega_t_plus_phi,219,0.014000,0.022000,0.000000,40000.0,343.0,0.007,-0.004,0.120,1.421710241500
synthetic,phase-protocol-v1,SYNTHETIC-NOT-A-DEVICE,template-run-001,SYNTHETIC-INSTRUMENT,SYNTHETIC-CALIBRATION-NOT-A-RECORD,electrical_drive_output,synthetic-reference-001,cos_omega_t_plus_phi,220,0.018000,0.022000,0.000000,40000.0,343.0,0.007,-0.004,0.120,1.635942379808
synthetic,phase-protocol-v1,SYNTHETIC-NOT-A-DEVICE,template-run-001,SYNTHETIC-INSTRUMENT,SYNTHETIC-CALIBRATION-NOT-A-RECORD,electrical_drive_output,synthetic-reference-001,cos_omega_t_plus_phi,221,0.022000,0.022000,0.000000,40000.0,343.0,0.007,-0.004,0.120,1.944494853361
synthetic,phase-protocol-v1,SYNTHETIC-NOT-A-DEVICE,template-run-001,SYNTHETIC-INSTRUMENT,SYNTHETIC-CALIBRATION-NOT-A-RECORD,electrical_drive_output,synthetic-reference-001,cos_omega_t_plus_phi,222,0.026000,0.022000,0.000000,40000.0,343.0,0.007,-0.004,0.120,2.346408645515
synthetic,phase-protocol-v1,SYNTHETIC-NOT-A-DEVICE,template-run-001,SYNTHETIC-INSTRUMENT,SYNTHETIC-CALIBRATION-NOT-A-RECORD,electrical_drive_output,synthetic-reference-001,cos_omega_t_plus_phi,223,0.030000,0.022000,0.000000,40000.0,343.0,0.007,-0.004,0.120,2.840453938972
synthetic,phase-protocol-v1,SYNTHETIC-NOT-A-DEVICE,template-run-001,SYNTHETIC-INSTRUMENT,SYNTHETIC-CALIBRATION-NOT-A-RECORD,electrical_drive_output,synthetic-reference-001,cos_omega_t_plus_phi,224,-0.030000,0.026000,0.000000,40000.0,343.0,0.007,-0.004,0.120,5.909511255438
synthetic,phase-protocol-v1,SYNTHETIC-NOT-A-DEVICE,template-run-001,SYNTHETIC-INSTRUMENT,SYNTHETIC-CALIBRATION-NOT-A-RECORD,electrical_drive_output,synthetic-reference-001,cos_omega_t_plus_phi,225,-0.026000,0.026000,0.000000,40000.0,343.0,0.007,-0.004,0.120,5.111600388006
synthetic,phase-protocol-v1,SYNTHETIC-NOT-A-DEVICE,template-run-001,SYNTHETIC-INSTRUMENT,SYNTHETIC-CALIBRATION-NOT-A-RECORD,electrical_drive_output,synthetic-reference-001,cos_omega_t_plus_phi,226,-0.022000,0.026000,0.000000,40000.0,343.0,0.007,-0.004,0.120,4.399168177968
synthetic,phase-protocol-v1,SYNTHETIC-NOT-A-DEVICE,template-run-001,SYNTHETIC-INSTRUMENT,SYNTHETIC-CALIBRATION-NOT-A-RECORD,electrical_drive_output,synthetic-reference-001,cos_omega_t_plus_phi,227,-0.018000,0.026000,0.000000,40000.0,343.0,0.007,-0.004,0.120,3.774190419372
synthetic,phase-protocol-v1,SYNTHETIC-NOT-A-DEVICE,template-run-001,SYNTHETIC-INSTRUMENT,SYNTHETIC-CALIBRATION-NOT-A-RECORD,electrical_drive_output,synthetic-reference-001,cos_omega_t_plus_phi,228,-0.014000,0.026000,0.000000,40000.0,343.0,0.007,-0.004,0.120,3.238450763912
synthetic,phase-protocol-v1,SYNTHETIC-NOT-A-DEVICE,template-run-001,SYNTHETIC-INSTRUMENT,SYNTHETIC-CALIBRATION-NOT-A-RECORD,electrical_drive_output,synthetic-reference-001,cos_omega_t_plus_phi,229,-0.010000,0.026000,0.000000,40000.0,343.0,0.007,-0.004,0.120,2.793516952285
synthetic,phase-protocol-v1,SYNTHETIC-NOT-A-DEVICE,template-run-001,SYNTHETIC-INSTRUMENT,SYNTHETIC-CALIBRATION-NOT-A-RECORD,electrical_drive_output,synthetic-reference-001,cos_omega_t_plus_phi,230,-0.006000,0.026000,0.000000,40000.0,343.0,0.007,-0.004,0.120,2.440719000207
synthetic,phase-protocol-v1,SYNTHETIC-NOT-A-DEVICE,template-run-001,SYNTHETIC-INSTRUMENT,SYNTHETIC-CALIBRATION-NOT-A-RECORD,electrical_drive_output,synthetic-reference-001,cos_omega_t_plus_phi,231,-0.002000,0.026000,0.000000,40000.0,343.0,0.007,-0.004,0.120,2.181130008533
synthetic,phase-protocol-v1,SYNTHETIC-NOT-A-DEVICE,template-run-001,SYNTHETIC-INSTRUMENT,SYNTHETIC-CALIBRATION-NOT-A-RECORD,electrical_drive_output,synthetic-reference-001,cos_omega_t_plus_phi,232,0.002000,0.026000,0.000000,40000.0,343.0,0.007,-0.004,0.120,2.015550218864
synthetic,phase-protocol-v1,SYNTHETIC-NOT-A-DEVICE,template-run-001,SYNTHETIC-INSTRUMENT,SYNTHETIC-CALIBRATION-NOT-A-RECORD,electrical_drive_output,synthetic-reference-001,cos_omega_t_plus_phi,233,0.006000,0.026000,0.000000,40000.0,343.0,0.007,-0.004,0.120,1.944494853361
synthetic,phase-protocol-v1,SYNTHETIC-NOT-A-DEVICE,template-run-001,SYNTHETIC-INSTRUMENT,SYNTHETIC-CALIBRATION-NOT-A-RECORD,electrical_drive_output,synthetic-reference-001,cos_omega_t_plus_phi,234,0.010000,0.026000,0.000000,40000.0,343.0,0.007,-0.004,0.120,1.968186162936
synthetic,phase-protocol-v1,SYNTHETIC-NOT-A-DEVICE,template-run-001,SYNTHETIC-INSTRUMENT,SYNTHETIC-CALIBRATION-NOT-A-RECORD,electrical_drive_output,synthetic-reference-001,cos_omega_t_plus_phi,235,0.014000,0.026000,0.000000,40000.0,343.0,0.007,-0.004,0.120,2.086549967332
synthetic,phase-protocol-v1,SYNTHETIC-NOT-A-DEVICE,template-run-001,SYNTHETIC-INSTRUMENT,SYNTHETIC-CALIBRATION-NOT-A-RECORD,electrical_drive_output,synthetic-reference-001,cos_omega_t_plus_phi,236,0.018000,0.026000,0.000000,40000.0,343.0,0.007,-0.004,0.120,2.299216811928
synthetic,phase-protocol-v1,SYNTHETIC-NOT-A-DEVICE,template-run-001,SYNTHETIC-INSTRUMENT,SYNTHETIC-CALIBRATION-NOT-A-RECORD,electrical_drive_output,synthetic-reference-001,cos_omega_t_plus_phi,237,0.022000,0.026000,0.000000,40000.0,343.0,0.007,-0.004,0.120,2.605527699440
synthetic,phase-protocol-v1,SYNTHETIC-NOT-A-DEVICE,template-run-001,SYNTHETIC-INSTRUMENT,SYNTHETIC-CALIBRATION-NOT-A-RECORD,electrical_drive_output,synthetic-reference-001,cos_omega_t_plus_phi,238,0.026000,0.026000,0.000000,40000.0,343.0,0.007,-0.004,0.120,3.004544190676
synthetic,phase-protocol-v1,SYNTHETIC-NOT-A-DEVICE,template-run-001,SYNTHETIC-INSTRUMENT,SYNTHETIC-CALIBRATION-NOT-A-RECORD,electrical_drive_output,synthetic-reference-001,cos_omega_t_plus_phi,239,0.030000,0.026000,0.000000,40000.0,343.0,0.007,-0.004,0.120,3.495062517699
synthetic,phase-protocol-v1,SYNTHETIC-NOT-A-DEVICE,template-run-001,SYNTHETIC-INSTRUMENT,SYNTHETIC-CALIBRATION-NOT-A-RECORD,electrical_drive_output,synthetic-reference-001,cos_omega_t_plus_phi,240,-0.030000,0.030000,0.000000,40000.0,343.0,0.007,-0.004,0.120,0.350000000000
synthetic,phase-protocol-v1,SYNTHETIC-NOT-A-DEVICE,template-run-001,SYNTHETIC-INSTRUMENT,SYNTHETIC-CALIBRATION-NOT-A-RECORD,electrical_drive_output,synthetic-reference-001,cos_omega_t_plus_phi,241,-0.026000,0.030000,0.000000,40000.0,343.0,0.007,-0.004,0.120,5.841382787768
synthetic,phase-protocol-v1,SYNTHETIC-NOT-A-DEVICE,template-run-001,SYNTHETIC-INSTRUMENT,SYNTHETIC-CALIBRATION-NOT-A-RECORD,electrical_drive_output,synthetic-reference-001,cos_omega_t_plus_phi,242,-0.022000,0.030000,0.000000,40000.0,343.0,0.007,-0.004,0.120,5.134492007307
synthetic,phase-protocol-v1,SYNTHETIC-NOT-A-DEVICE,template-run-001,SYNTHETIC-INSTRUMENT,SYNTHETIC-CALIBRATION-NOT-A-RECORD,electrical_drive_output,synthetic-reference-001,cos_omega_t_plus_phi,243,-0.018000,0.030000,0.000000,40000.0,343.0,0.007,-0.004,0.120,4.514444922503
synthetic,phase-protocol-v1,SYNTHETIC-NOT-A-DEVICE,template-run-001,SYNTHETIC-INSTRUMENT,SYNTHETIC-CALIBRATION-NOT-A-RECORD,electrical_drive_output,synthetic-reference-001,cos_omega_t_plus_phi,244,-0.014000,0.030000,0.000000,40000.0,343.0,0.007,-0.004,0.120,3.982984637332
synthetic,phase-protocol-v1,SYNTHETIC-NOT-A-DEVICE,template-run-001,SYNTHETIC-INSTRUMENT,SYNTHETIC-CALIBRATION-NOT-A-RECORD,electrical_drive_output,synthetic-reference-001,cos_omega_t_plus_phi,245,-0.010000,0.030000,0.000000,40000.0,343.0,0.007,-0.004,0.120,3.541642496026
synthetic,phase-protocol-v1,SYNTHETIC-NOT-A-DEVICE,template-run-001,SYNTHETIC-INSTRUMENT,SYNTHETIC-CALIBRATION-NOT-A-RECORD,electrical_drive_output,synthetic-reference-001,cos_omega_t_plus_phi,246,-0.006000,0.030000,0.000000,40000.0,343.0,0.007,-0.004,0.120,3.191717085111
synthetic,phase-protocol-v1,SYNTHETIC-NOT-A-DEVICE,template-run-001,SYNTHETIC-INSTRUMENT,SYNTHETIC-CALIBRATION-NOT-A-RECORD,electrical_drive_output,synthetic-reference-001,cos_omega_t_plus_phi,247,-0.002000,0.030000,0.000000,40000.0,343.0,0.007,-0.004,0.120,2.934255780171
synthetic,phase-protocol-v1,SYNTHETIC-NOT-A-DEVICE,template-run-001,SYNTHETIC-INSTRUMENT,SYNTHETIC-CALIBRATION-NOT-A-RECORD,electrical_drive_output,synthetic-reference-001,cos_omega_t_plus_phi,248,0.002000,0.030000,0.000000,40000.0,343.0,0.007,-0.004,0.120,2.770039426227
synthetic,phase-protocol-v1,SYNTHETIC-NOT-A-DEVICE,template-run-001,SYNTHETIC-INSTRUMENT,SYNTHETIC-CALIBRATION-NOT-A-RECORD,electrical_drive_output,synthetic-reference-001,cos_omega_t_plus_phi,249,0.006000,0.030000,0.000000,40000.0,343.0,0.007,-0.004,0.120,2.699570661506
synthetic,phase-protocol-v1,SYNTHETIC-NOT-A-DEVICE,template-run-001,SYNTHETIC-INSTRUMENT,SYNTHETIC-CALIBRATION-NOT-A-RECORD,electrical_drive_output,synthetic-reference-001,cos_omega_t_plus_phi,250,0.010000,0.030000,0.000000,40000.0,343.0,0.007,-0.004,0.120,2.723066285486
synthetic,phase-protocol-v1,SYNTHETIC-NOT-A-DEVICE,template-run-001,SYNTHETIC-INSTRUMENT,SYNTHETIC-CALIBRATION-NOT-A-RECORD,electrical_drive_output,synthetic-reference-001,cos_omega_t_plus_phi,251,0.014000,0.030000,0.000000,40000.0,343.0,0.007,-0.004,0.120,2.840453938972
synthetic,phase-protocol-v1,SYNTHETIC-NOT-A-DEVICE,template-run-001,SYNTHETIC-INSTRUMENT,SYNTHETIC-CALIBRATION-NOT-A-RECORD,electrical_drive_output,synthetic-reference-001,cos_omega_t_plus_phi,252,0.018000,0.030000,0.000000,40000.0,343.0,0.007,-0.004,0.120,3.051373214040
synthetic,phase-protocol-v1,SYNTHETIC-NOT-A-DEVICE,template-run-001,SYNTHETIC-INSTRUMENT,SYNTHETIC-CALIBRATION-NOT-A-RECORD,electrical_drive_output,synthetic-reference-001,cos_omega_t_plus_phi,253,0.022000,0.030000,0.000000,40000.0,343.0,0.007,-0.004,0.120,3.355181154366
synthetic,phase-protocol-v1,SYNTHETIC-NOT-A-DEVICE,template-run-001,SYNTHETIC-INSTRUMENT,SYNTHETIC-CALIBRATION-NOT-A-RECORD,electrical_drive_output,synthetic-reference-001,cos_omega_t_plus_phi,254,0.026000,0.030000,0.000000,40000.0,343.0,0.007,-0.004,0.120,3.750961951600
synthetic,phase-protocol-v1,SYNTHETIC-NOT-A-DEVICE,template-run-001,SYNTHETIC-INSTRUMENT,SYNTHETIC-CALIBRATION-NOT-A-RECORD,electrical_drive_output,synthetic-reference-001,cos_omega_t_plus_phi,255,0.030000,0.030000,0.000000,40000.0,343.0,0.007,-0.004,0.120,4.237540500855
